relative_time,AccX,AccY,AccZ
0,,4.7381253242,
1,-0.2298433632,,9.3349924088
23,,,
70,-0.137666598,5.1846437454,7.6387004852
104,,,
135,-0.4860229492,5.0613422394,8.2204914093
184,,,
194,-0.4393360019,5.05894804,7.7703814507
264,,,
268,-0.9911994934,5.1726727486,7.1790137291
325,,5.039794445,
326,-0.9756371975,,8.4994163513
344,,,
394,-1.1073182821,4.8949451447,8.5018100739
424,,,
476,,3.8474822044,
477,-1.9752163887,,9.3134441376
504,,,
531,-2.057816267,3.0705637932,8.1893672943
584,,,
593,-1.3012486696,2.3475148678,8.9411458969
664,,,
672,-2.4744074345,2.242169857,
673,,,8.0014219284
741,,3.8067808151,
742,-1.0151414871,,7.9200191498
744,,,
801,-1.1504138708,4.0102877617,9.5959606171
843,,,
856,-2.7545289993,3.6403837204,7.5369467735
923,,4.6016554832,
924,0.1436520964,,6.8498110771
987,-2.2206220627,4.374206543,8.3210477829
1003,,,
1084,,,
1088,-1.3922282457,5.1475334167,9.7120790482
1121,-0.8930372596,5.8430490494,8.4718828201
1163,,,
1200,0.460883826,5.1451392174,10.4626617432
1244,,,
1278,2.2409727573,6.4451909065,10.5285015106
1321,0.5219359994,3.6332011223,8.9890298843
1323,,,
1387,-2.9269115925,1.7453730106,7.2233066559
1403,,,
1465,,3.1220390797,
1466,0.3615244627,,5.8490347862
1483,,,
1524,,3.9181110859,
1525,2.400187254,,11.1821193695
1564,,,
1599,,6.0657100677,
1600,2.7653028965,,6.3326635361
1644,,,
1664,2.9735984802,5.6024317741,10.4650554657
1723,3.8450880051,5.1044378281,8.567650795
1724,,,
1802,2.4923639297,4.2592849731,9.1087408066
1804,,,
1865,3.3602621555,3.6535518169,8.392873764
1884,,,
1926,4.4615950584,1.4700398445,11.2240171432
1964,,,
1991,,1.7633295059,
1992,2.0470423698,,6.3206925392
2044,,,
2081,5.6467247009,0.3962403834,6.047753334
2133,2.9185318947,4.0054993629,5.2373161316
2144,,,
2199,4.4280762672,3.4093432426,2.6839001179
2224,,,
2278,2.2134394646,3.7553052902,4.0725369453
2304,,,
2335,4.0629601479,2.7341783047,10.460267067
2384,,,
2388,2.940079689,3.5158851147,
2389,,,9.7168674469
2464,,,
2465,3.4584243298,2.2732944489,9.782708168
2531,4.2006268501,0.6141127348,11.5963163376
2544,,,
2603,1.8938134909,-2.0183119774,7.4076600075
2624,,,
2660,3.7840356827,-5.4647655487,5.7676320076
2704,,,
2732,6.1566896439,-7.1981673241,3.6954503059
2783,,,
2798,7.8948802948,-9.5241346359,3.4105403423
2864,,,
2865,13.8013753891,-7.6578540802,2.5210943222
2934,,-8.4910364151,
2935,13.8109521866,,3.5398271084
2943,,,
2995,12.1541652679,-5.5581393242,-0.9241618514
3023,,,
3053,6.7731966972,-12.7335615158,
3054,,,1.5334862471
3103,,,
3120,7.8457989693,-8.6251115799,-2.1057004929
3183,,,
3188,1.6280571222,-12.9310836792,5.2947769165
3253,,-11.4371013641,
3254,0.3040636182,,-0.4836287498
3263,,,
3320,3.1052796841,-8.1319065094,
3321,,,0.3292027414
3343,,,
3387,-0.9864110947,-9.0417022705,2.8419175148
3443,,,
3453,3.6032736301,-2.6396074295,
3454,,,1.3611036539
3520,,0.0502782352,
3521,6.6451067924,,2.3666684628
3523,,,
3587,1.7082629204,-6.99106884,-0.5267243981
3603,,,
3654,12.6808891296,-9.4930095673,-1.7345991135
3683,,,
3720,,-10.1633863449,
3721,3.3626563549,,2.6312277317
3763,,,
3787,3.4991257191,-11.1007165909,3.4368765354
3843,,,
3853,,-9.2763347626,
3854,3.1184477806,,-2.1942858696
3920,,-5.853823185,
3921,7.2089414597,,4.6794672012
3923,,,
3987,1.5107412338,-7.5501151085,0.7900865674
4003,,,
4054,7.5225815773,-6.2728085518,1.7357962132
4084,,,
4120,,-10.5512466431,
4121,0.6655880809,,2.1655554771
4163,,,
4187,11.0659999847,-6.9994487762,1.8950105906
4243,,,
4253,,-4.2173862457,
4254,8.2971057892,,0.0383072272
4320,,-7.0401501656,
4321,6.6953849792,,1.5035586357
4323,,,
4387,,-7.2280950546,
4388,11.0324811935,,-1.5837644339
4404,,,
4454,,-11.2132434845,
4455,5.7053828239,,-1.4053963423
4484,,,
4521,4.6160206795,-10.2411975861,0.8846575022
4564,,,
4587,,-9.447520256,
4588,5.1307740211,,0.9768342972
4644,,,
4654,3.7984008789,-7.688978672,-1.0486603975
4721,1.6531962156,-7.5357499123,1.0031704903
4744,,,
4787,,-5.9400143623,
4788,0.1520318091,,-0.4991910458
4824,,,
4854,,-6.0956373215,
4855,4.0150761604,,-2.6551697254
4904,,,
4921,10.0939540863,-11.4526634216,-4.6112322807
4984,,,
4987,,-8.5891990662,
4988,0.6117185354,,-1.391031146
5054,3.0095114708,-11.1390237808,
5055,,,-0.7338228226
5064,,,
5121,-2.0326771736,-3.6475663185,5.6096143723
5144,,,
5188,2.1236569881,-13.4637928009,2.242169857
5224,,,
5254,,-9.355342865,
5255,6.9779009819,,-0.0945709646
5304,,,
5320,,-9.7396125793,
5321,-1.590947032,,1.839944005
5384,,,
5387,2.4193408489,-8.6789808273,
5388,,,0.8367735147
5454,,-9.0021982193,
5455,0.6236895323,,1.4401123524
5464,,,
5521,1.5478514433,-10.9295310974,1.3706804514
5544,,,
5587,2.8766334057,-12.6605386734,
5588,,,-0.0718260482
5624,,,
5654,,-11.9518547058,
5655,6.882133007,,-2.1799206734
5704,,,
5721,2.0745756626,-11.4873800278,-0.14844051
5784,,,
5787,,-15.106215477,
5788,-3.347094059,,4.7800235748
5854,2.9520506859,-10.2340154648,
5855,,,-0.8930372596
5865,,,
5921,-1.2785036564,-6.783970356,2.2720973492
5964,,,
5987,-2.732981205,-5.3115363121,
5988,,,1.8698714972
6044,,,
6054,-1.1360486746,-3.3087866306,0.3878606856
6121,5.5856723785,-14.0779056549,-10.8972091675
6124,,,
6187,,-11.3497133255,
6188,1.9153614044,,-5.2409076691
6204,,,
6254,-8.0505027771,-13.6349782944,-0.806845963
6284,,,
6321,-3.7337574959,-4.3131542206,7.3430166245
6364,,,
6387,,-11.3664722443,
6388,2.9951462746,,6.1590838432
6444,,,
6454,4.4412441254,-8.9435405731,-0.7613561153
6521,-0.137666598,-8.8250274658,1.0175356865
6524,,,
6587,,-9.33618927,
6588,0.7003039718,,-1.5083470345
6604,,,
6654,,-9.3996362686,
6655,2.0781669617,,3.3602621555
6684,,,
6721,2.3786394596,-11.3221797943,0.717063427
6764,,,
6787,,-12.1170549393,
6788,3.2740707397,,-1.3575123549
6844,,,
6854,6.5625066757,-11.5316724777,-3.0645780563
6921,0.7362170219,-11.7567272186,0.962469101
6924,,,
6987,,-13.5978689194,
6988,-3.3997664452,,2.9316999912
7004,,,
7054,4.1718964577,-9.9479084015,-0.5758054852
7084,,,
7121,-2.4349031448,-5.4061074257,3.4201171398
7164,,,
7187,,-4.8470611572,
7188,-3.162740469,,1.3802572489
7254,,-5.8897361755,
7255,0.412999779,,-0.8595184088
7265,,,
7321,4.8362874985,-15.0511493683,-10.8182001114
7344,,,
7388,-1.1492167711,-6.2129535675,-2.6982653141
7424,,,
7454,,-16.6600532532,
7455,-0.3375824392,,-4.432864666
7504,,,
7521,-6.4870896339,-1.6112977266,5.42166996
7584,,,
7587,,-14.8871459961,
7588,5.3318872452,,0.5027823448
7654,1.5011644363,-6.719326973,0.7338228226
7664,,,
7721,-0.5698199868,-10.1741600037,-0.5961562395
7744,,,
7787,,-10.5416698456,
7788,0.784101069,,-1.4532804489
7824,,,
7854,0.2214636505,-10.9881887436,-0.9313444495
7904,,,
7921,4.8506526947,-12.4426660538,-0.4058171809
7984,,,
7987,4.8159365654,-12.1505737305,-1.728613615
8054,2.9053637981,-10.5727949142,-2.0171148777
8064,,,
8121,-3.8391025066,-15.2283201218,5.1798553467
8144,,,
8187,,-11.494562149,
8188,0.4309563041,,0.5626373887
8224,,,
8254,,-7.0209965706,
8255,-0.1221042871,,2.0709843636
8304,,,
8321,-3.3123781681,-4.7381253242,3.0226795673
8384,,,
8387,,-2.694674015,
8388,-1.8447324038,,1.5969325304
8454,,-18.2091007233,
8455,4.361038208,,-16.7043457031
8464,,,
8521,-0.580593884,-5.7149596214,-2.4193408489
8564,,,
8587,,-20.3938102722,
8588,-5.8657941818,,-8.8142538071
8644,,,
8653,,-4.1718964577,
8654,-1.0187327862,,10.3573169708
8720,5.6646814346,-13.5021009445,0.5925649405
8723,,,
8787,0.7493851185,-7.2783732414,-0.6045359373
8803,,,
8853,0.7912836671,-9.2152824402,
8854,,,1.0319008827
8883,,,
8921,0.8367735147,-10.080786705,-3.6523547173
8964,,,
8987,-0.5626373887,-11.2347917557,-1.0534487963
9044,,,
9054,4.0007109642,-11.9410810471,-1.5406688452
9121,6.0752868652,-12.6784954071,-1.4365210533
9124,,,
9188,2.5270798206,-11.5711765289,-3.7098155022
9204,,,
9254,,-15.371972084,
9255,-2.8119897842,,5.627571106
9284,,,
9321,-2.7653028965,-13.18846035,-0.4034229815
9364,,,
9387,,-7.3298482895,
9388,-0.0490811355,,1.8710685968
9444,,,
9454,-3.3291375637,-4.5190558434,3.4799721241
9521,-2.3894133568,-2.9712042809,1.1875240803
9524,,,
9587,,-14.6249809265,
9588,2.9843723774,,-11.7315883636
9604,,,
9654,2.2325930595,-12.1649389267,
9655,,,-5.2181625366
9684,,,
9721,-5.3330841064,-9.4439287186,-0.4201824069
9764,,,
9787,,-9.8653078079,
9788,-1.4939818382,,3.2202012539
9854,,-6.6475009918,
9855,1.3599065542,,8.7256679535
9864,,,
9921,5.1056351662,-11.3509101868,-1.8746598959
9944,,,
9987,,-7.5884222984,
9988,0.4800374508,,2.3606829643
10024,,,
10054,,-9.9730472565,
10055,-1.6496049166,,-2.0027496815
10104,,,
10121,0.5063736439,-9.2571811676,3.0550012589
10184,,,
10187,1.1743559837,-10.7583456039,
10188,,,-0.0526724383
10254,2.2050597668,-11.3497133255,
10255,,,-0.7230489254
10265,,,
10321,5.6395421028,-11.6813097,-2.2685060501
10344,,,
10387,,-11.5364608765,
10388,1.096544385,,-1.9979612827
10424,,,
10454,-4.8111481667,-15.0774850845,
10455,,,5.7041854858
10504,,,
10521,1.8375498056,-10.8648872375,0.7637503147
10584,,,
10587,,-7.6351094246,
10588,-0.5746083856,,1.6531962156
10654,-2.9927520752,-3.8702270985,2.3044190407
10664,,,
10721,-1.862688899,-3.1411926746,1.0031704903
10744,,,
10788,6.1710548401,-19.932926178,-14.2047986984
10824,,,
10854,,-7.3083004951,
10855,0.0933738649,,-2.626439333
10904,,,
10921,-7.9391727448,-13.0196685791,-2.15478158
10984,,,
10987,,-8.1103582382,
10988,-1.9033904076,,7.9786772728
11054,,-12.1852893829,
11055,2.1691467762,,5.5856723785
11084,,,
11121,4.4603977203,-8.1881694794,0.1101332754
11164,,,
11187,,-8.2779521942,
11188,-1.9955670834,,-0.5973533392
11244,,,
11254,4.0378212929,-10.1861314774,-2.7581202984
11321,1.6352397203,-9.2248592377,1.7764976025
11324,,,
11387,,-11.3185882568,
11388,-1.6759412289,,1.3670891523
11404,,,
11454,3.6020765305,-11.1809215546,
11455,,,1.1216834784
11484,,,
11521,5.7209448814,-11.2970409393,-2.9472622871
11564,,,
11587,,-11.3257713318,
11588,2.5318682194,,-2.0470423698
11644,,,
11654,-3.8774096966,-14.2694425583,4.8051629066
11721,3.1004912853,-10.4375219345,-2.4444799423
11724,,,
11787,,-6.5481414795,
11788,-0.0239420161,,2.2074539661
11804,,,
11854,-2.3295583725,-5.1188030243,
11855,,,2.6635494232
11884,,,
11921,-2.5905263424,-3.5649664402,1.3766659498
11964,,,
11987,,-19.1560077667,
11988,4.4089221954,,-16.8779239655
12044,,,
12054,-2.9951462746,-5.6347537041,-1.6567876339
12121,-6.7803792953,-17.5961856842,-4.7225627899
12124,,,
12188,-2.3558945656,-4.1862616539,8.55448246
12204,,,
12254,5.3426609039,-12.8580598831,1.2557587624
12284,,,
12321,0.8667010069,-8.0074071884,-1.0259153843
12384,,,
12388,-1.7537527084,-10.0532531738,0.9983820915
12454,,-9.3649196625,
12455,2.52947402,,-1.5897499323
12464,,,
12521,1.1180921793,-10.900800705,0.7960720658
12544,,,
12587,,-11.7435588837,
12588,3.5769374371,,-0.825999558
12624,,,
12654,5.5856723785,-12.5085067749,-2.1045033932
12704,,,
12721,4.2940006256,-11.203666687,-3.1950621605
12784,,,
12787,,-16.209941864,
12788,-2.8143839836,,6.7696051598
12854,-4.1431660652,-12.4941415787,
12855,,,-0.1604115069
12864,,,
12921,0.6272808313,-7.4363903999,0.8152256608
12944,,,
12987,,-4.67827034,
12988,-3.1232361794,,3.6188359261
13024,,,
13054,-3.2453403473,-2.8012158871,1.0187327862
13103,,,
13120,4.7967829704,-17.1496658325,-13.4135150909
13183,,,
13187,0.3375824392,-8.5903959274,-4.7321395874
13254,,-14.7865896225,
13255,-9.2057056427,,-2.2661118507
13264,,,
13321,-2.0889410973,-7.171831131,7.1215529442
13344,,,
13387,,-11.3425302505,
13388,3.9240965843,,5.0685248375
13424,,,
13454,4.8446669579,-10.0748004913,-1.2078747749
13504,,,
13521,-2.8227639198,-8.4156188965,0.5303156972
13584,,,
13587,,-10.1406412125,
13588,1.1300631762,,-4.3478703499
13654,0.9780313969,-9.0297317505,2.4384944439
13684,,,
13721,1.4425065517,-11.4634380341,-0.717063427
13764,,,
13787,,-11.8441162109,
13788,3.0717608929,,-0.8152256608
13844,,,
13854,5.7233390808,-10.9834003448,-4.6399626732
13921,0.1987187415,-12.2786636353,0.7290344238
13924,,,
13987,,-14.150929451,
13988,-4.7943887711,,1.9081788063
14004,,,
14054,4.3035774231,-10.3381633759,
14055,,,-1.0247182846
14084,,,
14121,-2.2206220627,-5.4204726219,3.5302503109
14164,,,
14187,,-3.4991257191,
14188,-3.8031895161,,1.7441759109
14244,,,
14254,-1.3204022646,-6.0357823372,-1.4329297543
14321,6.8976950645,-15.3887310028,-11.6669445038
14324,,,
14387,,-4.955997467,
14388,-4.7022123337,,-0.3639186621
14404,,,
14454,,-16.3811283112,
14455,-2.6348190308,,-2.8491001129
14484,,,
14521,-0.3878606856,-2.9316999912,9.4391403198
14564,,,
14587,,-13.5655469894,
14588,5.2097830772,,0.011971008
14644,,,
14654,0.3220201433,-7.4735007286,-0.0047884034
14721,-0.4896142483,-10.3285865784,-1.5131354332
14724,,,
14787,,-9.051279068,
14788,0.6883329749,,1.9165585041
14804,,,
14854,,-10.6230726242,
14855,0.5327098966,,-0.9109937549
14884,,,
14921,2.2996306419,-11.7184200287,-0.4548983276
14984,,,
14987,4.1407718658,-11.798625946,
14988,,,-1.6496049166
15054,,-11.650185585,
15055,2.9436709881,,-2.4361002445
15064,,,
15121,-4.2269630432,-16.4445743561,5.7592520714
15144,,,
15187,,-12.4929447174,
15188,-4.8781857491,,0.1628057212
15224,,,
15254,,-7.9619178772,
15255,1.74776721,,0.6715735793
15304,,,
15321,-2.8909986019,-5.2241482735,4.7165775299
15384,,,
15388,-4.3586440086,-2.5510218143,2.261323452
15454,,-14.8236999512,
15455,1.5813702345,,-11.842918396
15464,,,
15521,-0.0490811355,-11.6705360413,-4.5848960876
15544,,,
15588,-7.0365586281,-16.0088291168,-3.1364042759
15624,,,
15654,,-1.2246341705,
15655,-4.6579194069,,5.6574988365
15704,,,
15721,5.2241482735,-14.8452472687,2.9352912903
15784,,,
15787,,-8.579621315,
15788,3.1220390797,,-2.5474305153
15854,,-9.801861763,
15855,-0.3052607179,,0.3016694188
15864,,,
15921,1.2952631712,-8.2528133392,-0.0035913025
15945,,,
15987,-0.3519476354,-9.9431200027,
15988,,,1.4820108414
16024,,,
16054,1.5801731348,-10.4650554657,0.6153098345
16104,,,
16121,2.8670566082,-12.3744316101,-0.7541735172
16187,,-11.7543334961,
16188,4.7596731186,,-4.7058033943
16204,,,
16254,0.5279214978,-11.3449249268,0.2130839527
16284,,,
16320,-5.8945245743,-15.4342212677,
16321,,,3.8965632915
16364,,,
16387,5.1463365555,-9.9335432053,-1.0175356865
16444,,,
16454,-0.9840168953,-5.6299653053,3.5877113342
16521,-3.1471781731,-4.5346179008,2.2481553555
16524,,,
16587,,-3.8678328991,
16588,-2.093729496,,0.8271966577
16604,,,
16654,7.3178772926,-19.3571205139,-15.1385374069
16684,,,
16721,-3.5865142345,-3.7457284927,
16722,,,-1.6747441292
16764,,,
16787,,-20.7050571442,
16788,-3.786429882,,-2.5043349266
16844,,,
16854,-3.8762125969,-1.6304513216,9.1985225677
16921,5.770026207,-15.1469173431,4.2281603813
16924,,,
16988,0.8678981066,-7.1107792854,0.8870517015
17004,,,
17054,-2.4756045341,-10.2459859848,
17055,,,-0.4213795066
17084,,,
17121,3.5314474106,-10.0257196426,1.9955670834
17164,,,
17187,-0.6476315856,-10.0317049026,
17188,,,0.0766144544
17244,,,
17254,1.2330138683,-11.8213710785,-1.303642869
17321,4.1299977303,-12.1062812805,-2.0721814632
17324,,,
17387,,-11.3748521805,
17388,4.0785226822,,-3.2261867523
17404,,,
17454,-3.8151605129,-17.2993049622,
17455,,,5.6108117104
17504,,,
17521,-5.3893480301,-13.0531873703,-0.0825999603
17584,,,
17587,,-8.2216882706,
17588,1.8052281141,,0.5398924947
17654,-2.3726539612,-5.2049946785,4.0988731384
17664,,,
17721,,-3.1806969643,
17722,-3.2369606495,,2.5007436275
17744,,,
17787,,-14.2083902359,
17788,2.2936451435,,-9.9000244141
17824,,,
17854,,-12.1733188629,
17855,5.4743423462,,-9.5540618896
17904,,,
17921,-2.2254104614,-4.0629601479,0.4836287498
17984,,,
17987,,-22.3522663116,
17988,-2.1080946922,,-12.7275762558
18054,,-2.7664999962,
18055,-1.2282254696,,6.4236431122
18064,,,
18121,5.3354783058,-14.6680765152,0.4189853072
18144,,,
18187,,-7.5836338997,
18188,-1.8267759085,,1.3491326571
18224,,,
18254,,-10.0520563126,
18255,-1.549048543,,0.8176198602
18304,,,
18321,2.5151088238,-9.1733837128,1.6244658232
18384,,,
18387,,-11.4191446304,
18388,-0.0131681096,,-0.4118026793
18454,1.5610195398,-12.0919160843,-0.1999158412
18464,,,
18521,3.5936968327,-12.4187240601,-2.0278887749
18544,,,
18587,,-10.6374378204,
18588,4.4927196503,,-2.8838160038
18624,,,
18654,-3.3267433643,-16.9365825653,5.5329999924
18704,,,
18721,-5.3294930458,-12.9945297241,1.0929530859
18787,,-8.3545665741,
18788,1.8124107122,,0.5889736414
18804,,,
18854,,-4.7991771698,
18855,-2.5809495449,,3.9097313881
18884,,,
18921,-2.9735984802,-2.9257144928,1.7310078144
18964,,,
18987,,-11.5041389465,
18988,0.2525882721,,-9.2272529602
19044,,,
19054,5.2516813278,-13.5044946671,-8.59278965
19121,-6.8905124664,-9.8509426117,-0.0945709646
19124,,,
19187,,-10.6122989655,
19188,-1.2378022671,,2.8383262157
19204,,,
19254,,-8.4706859589,
19255,2.7844564915,,7.4268136024
19284,,,
19321,5.368997097,-10.9786119461,-2.2553379536
19364,,,
19388,-3.2441432476,-7.9918451309,0.211886853
19444,,,
19454,0.011971008,-8.9363574982,0.0263362192
19521,1.9907786846,-9.5408935547,1.0678139925
19524,,,
19588,1.5059528351,-9.9119949341,-0.7230489254
19604,,,
19654,0.316034615,-11.5544176102,
19655,,,0.211886853
19684,,,
19721,3.9839515686,-12.5587854385,-2.0925323963
19764,,,
19787,,-11.0815629959,
19788,3.2405519485,,-2.9927520752
19844,,,
19854,-4.6878471375,-16.1034011841,4.8578352928
19921,-0.7924807668,-11.2659158707,1.9189527035
19924,,,
19988,1.3323732615,-7.5728597641,0.8595184088
20004,,,
20054,-2.4672248363,-4.8626236916,
20055,,,3.5206735134
20104,,,
20121,-2.8443117142,-3.4189200401,0.7182605267
20184,,,
20188,0.8535329103,-14.0779056549,-10.7667245865
20254,1.8890250921,-11.4490728378,-6.5086374283
20264,,,
20321,-7.1419038773,-9.3481607437,1.276109457
20344,,,
20387,,-14.274230957,
20388,-0.3220201433,,-1.3359645605
20424,,,
20454,4.3718123436,-7.3968863487,8.7567930222
20504,,,
20521,5.6610898972,-12.6701154709,-2.1320366859
20584,,,
20587,,-7.2819643021,
20588,-2.6455929279,,-0.2238578647
20654,2.3487119675,-10.0209312439,-1.8602946997
20664,,,
20721,1.766920805,-8.6861639023,0.5374982953
20744,,,
20787,,-10.8409452438,
20788,-0.9421183467,,0.0682347491
20824,,,
20854,3.3195607662,-11.3126029968,
20855,,,-0.1687912196
20904,,,
20921,4.8219223022,-12.6761007309,-2.3068132401
20984,,,
20987,,-11.2335939407,
20988,3.6020765305,,-1.7118542194
21054,,-15.6748380661,
21055,-5.1942205429,,4.9476180077
21064,,,
21121,-5.1020436287,-12.6772975922,0.5039794445
21144,,,
21188,2.3056161404,-7.2807674408,0.8702923059
21224,,,
21254,,-4.0497922897,
21255,-3.0550012589,,3.5745432377
21320,,-1.9668366909,
21321,-2.9759926796,,1.0737994909
21323,,,
21387,3.9049429893,-19.6396369934,-15.2750072479
21403,,,
21454,,-5.9902925491,
21455,-3.6954503059,,-2.8155810833
21484,,,
21521,-7.9367785454,-11.8225679398,1.2521674633
21564,,,
21587,,-5.9591679573,
21588,-2.0039467812,,4.7848119736
21644,,,
21654,2.652775526,-12.2690868378,6.7312979698
21721,5.2073888779,-9.925163269,-3.1914708614
21724,,,
21787,,-8.1546506882,
21788,-3.0059201717,,1.705868721
21804,,,
21854,0.8846575022,-9.5480766296,-0.8655039072
21884,,,
21921,1.4879963398,-9.4930095673,2.1368250847
21964,,,
21988,1.4772224426,-11.1174755096,0.6775590777
22044,,,
22054,2.4564509392,-11.043255806,-0.3591302633
22121,6.0190229416,-12.0057239532,-2.856282711
22124,,,
22187,-1.9405004978,-11.8704519272,
22188,,,-0.4345476031
22204,,,
22254,-4.7728409767,-15.0176305771,2.9077579975
22284,,,
22321,3.3267433643,-10.4626617432,-0.3256114423
22364,,,
22387,,-5.3223104477,
22388,-0.1400607973,,3.657143116
22444,,,
22454,-2.3858220577,-4.6483426094,
22455,,,3.0538041592
22521,-2.7281928062,-4.6184148788,0.248996973
22524,,,
22587,,-17.1963539124,
22588,5.3127336502,,-12.7682781219
22624,,,
22654,-1.6304513216,-4.8195281029,
22655,,,-1.7693150043
22704,,,
22721,-10.5763864517,-19.622877121,-3.7541081905
22784,,,
22787,,-2.7126305103,
22788,-0.5279214978,,9.1590185165
22854,3.5039141178,-12.464214325,
22855,,,3.9037458897
22864,,,
22921,0.5303156972,-8.3342161179,0.3292027414
22944,,,
22987,,-9.963470459,
22988,-2.0697872639,,0.4896142483
23024,,,
23054,,-9.8832645416,
23055,1.2964602709,,-1.3024457693
23104,,,
23121,0.2609679997,-10.2208471298,-0.6392518282
23184,,,
23187,,-12.5767412186,
23188,2.9616274834,,-2.0530278683
23254,,-14.324508667,
23255,5.1283798218,,-0.5590460896
23264,,,
23321,1.8052281141,-10.2974615097,-6.1111998558
23344,,,
23387,,-13.4171066284,
23388,-0.7673416734,,3.537432909
23424,,,
23454,,-13.3632364273,
23455,-4.6531310081,,0.8571242094
23504,,,
23521,0.9935936928,-8.115146637,
23522,,,1.1947066784
23584,,,
23587,,-4.6208090782,
23588,-2.2134394646,,3.5110967159
23654,-3.3626563549,-2.9328970909,
23655,,,1.1097124815
23665,,,
23721,1.2605471611,-13.6625118256,-10.1095170975
23744,,,
23787,,-13.2710599899,
23788,2.652775526,,-7.934384346
23824,,,
23854,-6.3290719986,-9.0991640091,-0.5183446407
23921,-2.3798365593,-5.2109799385,7.5872249603
23924,,,
23987,,-8.2815437317,
23988,4.2161893845,,9.7527809143
24004,,,
24054,4.3323078156,-11.384428978,
24055,,,-3.3004069328
24084,,,
24121,-1.345541358,-7.909245491,0.7613561153
24164,,,
24187,,-9.0153665543,
24188,-0.1328781992,,-0.6392518282
24244,,,
24254,1.122880578,-9.8545341492,0.1460463107
24321,0.8667010069,-10.1909198761,-0.6715735793
24324,,,
24387,,-12.2020492554,
24388,2.1404163837,,-0.178368032
24404,,,
24454,,-11.9434747696,
24455,4.3011832237,,-1.6938977242
24484,,,
24521,-0.245405674,-12.3121824265,-1.6508020163
24564,,,
24587,,-14.7411003113,
24588,-5.1918263435,,5.1116204262
24644,,,
24654,-2.1835119724,-11.3497133255,0.2753331959
24721,2.0290858746,-7.0760631561,1.1947066784
24724,,,
24787,,-4.9057192802,
24788,-2.2589292526,,4.0078935623
24804,,,
24854,,-3.4440591335,
24855,-3.6715083122,,1.7693150043
24884,,,
24921,-0.2573766708,-12.6761007309,-8.7017259598
24964,,,
24987,,-12.0583972931,
24988,3.8019924164,,-7.3382282257
25044,,,
25054,-6.3362545967,-7.3478050232,2.7305870056
25121,-0.9971849918,-15.1337490082,-2.4217350483
25124,,,
25187,,-6.920440197,
25188,2.4073698521,,7.7608046532
25224,,,
25254,4.9057192802,-11.1114902496,-2.4636335373
25304,,,
25321,-1.702277422,-8.0373353958,0.475249052
25384,,,
25387,,-9.7515830994,
25388,0.3818751574,,-1.0031704903
25454,,-9.5444850922,
25455,1.4832079411,,2.3056161404
25464,,,
25521,0.9145850539,-9.994594574,-0.0095768068
25544,,,
25588,0.5087678432,-11.811794281,0.2849099934
25624,,,
25654,,-11.4897737503,
25655,4.7321395874,,-2.0985178947
25704,,,
25721,5.0625395775,-12.3600664139,-3.6367924213
25784,,,
25787,,-13.1345901489,
25788,-2.9664158821,,4.0952820778
25854,-4.2640733719,-11.6681423187,
25855,,,0.9935936928
25864,,,
25921,2.6922798157,-9.5624418259,-0.8128314614
25944,,,
25988,-1.770512104,-5.5150437355,4.4639892578
26024,,,
26054,,-4.8123455048,
26055,-3.7385458946,,1.4329297543
26104,,,
26121,-1.8231846094,-8.0074071884,
26184,,,
26187,,-14.131775856,
26188,4.0402154922,,-10.4650554657
26254,-3.9695863724,-5.5593361855,
26255,,,0.0897825658
26264,,,
26321,-0.9684545994,-16.1824092865,-4.3634324074
26344,,,
26387,,-5.440823555,
26388,0.9469067454,,9.6749687195
26444,,,
26454,,-13.1872625351,
26455,5.5760955811,,-0.6739677787
26521,-0.6117185354,-7.8170685768,1.0666168928
26524,,,
26588,-0.0502782352,-9.8904476166,-0.2980781198
26604,,,
26654,3.8977603912,-9.925163269,0.0945709646
26684,,,
26721,-0.1843535304,-10.1262760162,-0.0083797062
26764,,,
26788,1.6675615311,-11.1809215546,-0.0574608408
26844,,,
26854,3.2644939423,-11.0384674072,0.1663970202
26921,4.3239283562,-11.6609592438,-4.9117050171
26924,,,
26988,-1.6903064251,-12.1876840591,1.6065093279
27004,,,
27054,,-13.8456687927,
27055,-5.7784056664,,1.3934253454
27084,,,
27121,3.7062242031,-10.441113472,-0.4967968464
27164,,,
27187,-1.3048399687,-5.4001221657,4.3478703499
27244,,,
27254,-3.3458969593,-4.187458992,2.5318682194
27321,-1.1204863787,-6.4475851059,-1.215057373
27324,,,
27387,,-16.9748897552,
27388,4.9320554733,,-13.5703353882
27404,,,
27454,-2.0566191673,-3.6236243248,-1.5741876364
27484,,,
27521,-5.5653219223,-20.1053085327,-4.6890439987
27564,,,
27587,,-1.9608511925,
27588,-1.6376339197,,8.6358852386
27644,,,
27654,4.0737342834,-14.4322481155,
27655,,,3.2190041542
27721,0.8200140595,-7.6279268265,-0.0023942017
27744,,,
27787,,-9.4451255798,
27788,-1.9871873856,,1.8806453943
27824,,,
27854,,-9.7862997055,
27855,1.4281413555,,-1.9979612827
27904,,,
27921,1.5167267323,-9.4487171173,-0.7457938194
27984,,,
27988,2.1559786797,-10.8229885101,-0.9983820915
28054,,-11.6406087875,
28055,1.2844891548,,-0.9540894032
28064,,,
28121,5.7065796852,-10.8074264526,-4.2844238281
28144,,,
28187,,-11.9757966995,
28188,1.007958889,,0.3447650373
28224,,,
28254,,-12.5911064148,
28255,-3.8702270985,,2.8742392063
28304,,,
28321,3.6739025116,-10.5572328568,-1.6843209267
28384,,,
28387,-0.7661445141,-7.1694369316,
28388,,,2.6228480339
28454,-2.8383262157,-6.222530365,1.8746598959
28464,,,
28521,-2.5282769203,-3.8510735035,0.0143652102
28544,,,
28588,1.0031704903,-13.1405763626,-10.1873283386
28624,,,
28654,1.6196774244,-10.9486846924,
28655,,,-6.0693011284
28704,,,
28721,-7.9032597542,-10.7296152115,-0.3148375154
28784,,,
28787,,-12.618639946,
28788,-0.2190694511,,0.3519476354
28854,2.9245173931,-7.094019413,
28855,,,7.2388687134
28864,,,
28921,4.1060557365,-11.5400524139,-1.0977414846
28944,,,
28987,,-7.7260890007,
28988,-1.479616642,,0.7721300721
29043,,,
29054,1.3192051649,-10.3022499084,-1.2749123573
29122,,-8.6023664474,
29123,1.9452888966,,2.0231003761
29188,-0.5231330991,-10.7739076614,0.0442927331
29203,,,
29253,,-11.8273563385,
29254,2.1152772903,,1.0235211849
29283,,,
29320,,-11.7519388199,
29321,4.3406877518,,-1.4472949505
29363,,,
29387,5.2421045303,-10.4399166107,-3.0023288727
29443,,,
29454,-4.0330328941,-16.0650939941,6.2895679474
29521,-5.5078611374,-13.4793558121,1.0785878897
29524,,,
29588,2.6898856163,-7.6662340164,0.4979939461
29604,,,
29654,,-4.2999863625,
29655,-3.0645780563,,4.0282444954
29684,,,
29721,-4.4963107109,-3.0442273617,0.6931213737
29764,,,
29787,,-13.0412168503,
29788,2.2709002495,,-9.6079311371
29844,,,
29854,2.5605986118,-12.9993181229,-7.7392568588
29921,-5.2588639259,-5.239710331,2.1140801907
29924,,,
29987,,-16.2147312164,
29988,-1.5466543436,,-5.2636523247
30004,,,
30054,,-5.627571106,
30055,3.0585925579,,8.9100217819
30084,,,
30121,4.6303858757,-13.0100917816,
30122,,,-0.0514753349
30164,,,
30187,,-7.4591355324,
30188,-1.9584569931,,1.119289279
30244,,,
30254,1.613691926,-10.1083192825,-1.7202339172
30321,1.8519150019,-9.4558992386,1.2246341705
30344,,,
30388,0.8643068075,-10.5081510544,-0.3136404157
30424,,,
30454,,-10.6661682129,
30455,2.0195090771,,-0.1963245422
30504,,,
30521,2.9245173931,-10.9415016174,-2.0398597717
30584,,,
30587,,-12.3983736038,
30588,3.6451721191,,-1.3730746508
30654,-3.9228994846,-16.0231952667,
30655,,,3.3686418533
30664,,,
30721,-4.8733973503,-12.7826433182,0.5446808934
30744,,,
30787,,-9.7551746368,
30788,2.1691467762,,0.985213995
30824,,,
30854,-2.7425580025,-5.0374002457,
30855,,,4.2485108376
30904,,,
30921,-3.1531636715,-4.3370962143,1.1516109705
30984,,,
30987,,-9.5648355484,
30988,0.4046200812,,-6.4392056465
31054,,-13.8636245728,
31055,3.8474822044,,-9.051279068
31064,,,
31121,-3.6296098232,-3.7995979786,1.3347674608
31144,,,
31187,-1.0618284941,-19.932926178,
31188,,,-8.8824882507
31224,,,
31254,0.7601590157,-3.2836475372,
31255,,,7.2544312477
31304,,,
31321,4.7081975937,-12.9059438705,0.0694318488
31384,,,
31387,,-7.850587368,
31388,-2.9460651875,,-0.0861912593
31454,,-9.982624054,
31455,-0.8894459605,,0.9026140571
31465,,,
31521,1.6627731323,-9.3002767563,1.6424223185
31564,,,
31587,,-10.4686470032,
31588,0.9876081944,,0.5003881454
31644,,,
31654,0.6308721304,-10.751162529,0.5219359994
31721,2.7090392113,-11.1486005783,-0.3280056417
31724,,,
31788,4.3634324074,-11.2503538132,-4.9176902771
31804,,,
31854,-1.18872118,-12.3373212814,
31855,,,1.2665326595
31884,,,
31921,-5.2085857391,-13.425485611,1.7357962132
31964,,,
31987,,-10.3800611496,
31988,3.3303346634,,-0.6105214357
32044,,,
32054,-1.1168950796,-6.0740895271,3.9276878834
32121,-3.001131773,-4.2293572426,2.0506336689
32124,,,
32188,-1.2018892765,-5.9471969604,-1.3048399687
32204,,,
32254,,-17.8787002563,
32255,3.9073371887,,-14.0479784012
32284,,,
32321,-2.52947402,-4.3562498093,-2.1607670784
32364,,,
32388,-6.4655418396,-17.9876365662,-0.011971008
32444,,,
32454,-1.5179238319,-4.5609540939,6.4691329002
32521,4.2509050369,-12.9143238068,3.6523547173
32524,,,
32587,,-8.852560997,
32588,1.0426748991,,-0.9145850539
32604,,,
32654,-1.4221558571,-10.0329017639,1.0714052916
32684,,,
32721,0.7038952708,-8.4874448776,0.7577648163
32764,,,
32787,,-9.9730472565,
32788,0.7362170219,,1.0223240852
32854,,-11.0959281921,
32855,4.3215341568,,-1.1540051699
32865,,,
32921,1.9859902859,-11.2754926682,0.2442085743
32944,,,
32987,,-11.4694232941,
32988,4.7860093117,,-2.8502972126
33024,,,
33054,-1.2401964664,-11.4382982254,0.3375824392
33104,,,
33121,,-14.1233959198,
33122,-4.4963107109,,1.9069817066
33184,,,
33187,,-10.7140522003,
33188,1.7106571198,,0.0897825658
33254,,-7.3370308876,
33255,-0.538695395,,2.6036944389
33264,,,
33321,-2.3175871372,-4.5334210396,
33322,,,2.1332337856
33344,,,
33387,,-3.4153287411,
33388,-2.4528596401,,-0.1256955862
33424,,,
33454,,-14.3711957932,
33455,3.0968999863,,-12.1589536667
33504,,,
33521,-0.8655039072,-9.4403371811,-4.4041337967
33584,,,
33587,,-17.3615531921,
33588,-7.3741412163,,-5.4108958244
33654,-5.8059391975,-0.3591302633,5.8071360588
33664,,,
33721,5.4767365456,-16.3176822662,3.3949780464
33744,,,
33787,,-8.4144220352,
33788,2.2756886482,,-0.2813186944
33824,,,
33854,-1.3407529593,-9.4151983261,
33855,,,-0.3052607179
33904,,,
33921,0.7433996201,-8.5065984726,-0.1520318091
33984,,,
33987,,-10.0173397064,
33988,2.5282769203,,-0.0323217213
34054,,-10.6194820404,
34055,-0.3722983599,,-1.2617442608
34065,,,
34121,2.0242974758,-11.2012729645,0.1388636976
34164,,,
34187,,-12.0153017044,
34188,3.9109284878,,-1.5382746458
34244,,,
34254,1.9464859962,-11.378443718,-1.2832920551
34321,-4.0390181541,-15.7885627747,5.5413799286
34324,,,
34387,,-12.3828115463,
34388,-3.0633809566,,0.8200140595
34404,,,
34454,,-7.7368626595,
34455,0.6979097724,,1.0067617893
34484,,,
34521,-2.7269957066,-4.0845079422,4.2999863625
34564,,,
34587,,-2.487575531,
34588,-2.3307554722,,0.5255272985
34644,,,
34654,1.3694833517,-17.1963539124,-14.9769287109
34721,-0.2621650994,-9.4870243073,-4.4675803185
34724,,,
34788,-5.9735331535,-21.1204509735,-9.821015358
34804,,,
34854,,-2.3367409706,
34855,-4.6758761406,,5.3953337669
34884,,,
34921,4.9823336601,-14.3747873306,2.7269957066
34964,,,
34987,,-8.219294548,
34988,0.6691793799,,0.7015010715
35044,,,
35054,-1.2952631712,-9.6618013382,-0.3627215624
35121,0.8559271097,-9.1207113266,-1.4867992401
35124,,,
35188,1.4856021404,-9.5947637558,1.8543092012
35204,,,
35254,,-10.7894697189,
35255,1.9045875072,,-0.2968810201
35284,,,
35321,1.4233529568,-11.9698114395,-0.1101332754
35364,,,
35387,,-12.9406604767,
35388,5.9424085617,,-3.5350387096
35454,,-9.5540618896,
35455,0.3579331636,,-1.2605471611
35464,,,
35521,-4.1790790558,-17.0060138702,
35522,,,3.227383852
35544,,,
35588,3.8714241982,-11.2144403458,-1.0869675875
35624,,,
35654,,-5.0493712425,
35655,-0.9253589511,,3.269282341
35704,,,
35721,-2.9161376953,-3.8067808151,2.4947581291
35784,,,
35787,,-5.4444146156,
35788,-2.342726469,,-1.0833762884
35854,,-17.2442378998,
35855,2.8012158871,,-13.1800804138
35864,,,
35921,-3.9396588802,-4.3526587486,-2.0494365692
35944,,,
35987,,-18.4604930878,
35988,-4.7153801918,,-7.5429325104
36024,,,
36054,,-4.3502645493,
36055,0.0155623108,,7.049726963
36104,,,
36121,3.7337574959,-13.4039382935,2.5450363159
36184,,,
36187,,-7.7356657982,
36188,-0.2274491638,,0.5734112859
36254,,-9.5815954208,
36255,-1.5358804464,,1.0869675875
36264,,,
36321,0.9002198577,-10.8421421051,-2.2493524551
36344,,,
36387,,-9.615114212,
36388,0.3363853395,,0.6715735793
36424,,,
36454,,-11.1665563583,
36455,0.2717418969,,-1.2389993668
36504,,,
36521,1.0211269855,-11.7734870911,-0.5410895944
36584,,,
36587,,-11.2790842056,
36588,5.6694698334,,-4.1012673378
36654,2.9640216827,-12.0990982056,
36655,,,-1.1444283724
36684,,,
36721,-3.6667199135,-15.0284042358,
36722,,,3.6260185242
36764,,,
36787,,-11.1067018509,
36788,3.1376013756,,-1.8842366934
36844,,,
36854,,-6.6187705994,
36855,0.427365005,,2.9987375736
36921,-3.350685358,-4.1000704765,
36922,,,3.1004912853
36924,,,
36988,-1.3000515699,-5.3462524414,-1.4820108414
37004,,,
37054,1.8806453943,-14.1640968323,-11.1198701859
37084,,,
37121,-1.8064252138,-6.5756750107,-4.2090067863
37164,,,
37188,-6.5445504189,-19.8850421906,-4.5334210396
37244,,,
37254,-4.2389340401,-2.2062568665,6.0166287422
37321,4.2568907738,-14.1233959198,4.1335892677
37324,,,
37387,,-7.7428483963,
37388,1.1803414822,,-0.586579442
37404,,,
37454,-2.219424963,-9.1590185165,
37455,,,1.4652514458
37484,,,
37521,1.3120225668,-9.9119949341,-2.445677042
37564,,,
37587,,-9.039308548,
37588,0.1472434103,,2.7617115974
37644,,,
37654,2.325966835,-11.2838726044,0.8283938169
37721,1.7046716213,-12.6940574646,
37722,,,-0.0574608408
37724,,,
37787,,-12.2427501678,
37788,4.5082817078,,-2.9125463963
37804,,,
37854,1.8195933104,-10.6613798141,
37855,,,-2.2266075611
37884,,,
37921,-4.1814732552,-15.4653463364,4.5825018883
37984,,,
37988,-3.434482336,-11.8656635284,0.5327098966
38054,,-7.5537061691,
38055,1.2449848652,,1.1109095812
38064,,,
38121,-2.6791117191,-6.409277916,2.7377696037
38144,,,
38187,-3.7840356827,-3.8211460114,
38188,,,1.0295066833
38224,,,
38254,,-10.3022499084,
38255,0.6619967818,,-9.1769752502
38304,,,
38321,3.8642416,-12.45104599,-7.1826052666
38384,,,
38387,,-8.6047611237,
38388,-5.9878983498,,1.1348515749
38454,,-10.1334590912,
38455,-2.8514943123,,3.8965632915
38464,,,
38521,4.5789108276,-8.9495258331,6.7660140991
38544,,,
38588,4.5250411034,-11.7459535599,-2.4193408489
38624,,,
38654,-2.8131868839,-7.9643120766,1.2856862545
38704,,,
38721,0.4321534038,-9.0991640091,1.2282254696
38784,,,
38788,1.728613615,-10.2112703323,0.494402647
38854,,-10.5476560593,
38855,-0.6859387755,,-1.2856862545
38864,,,
38921,1.7465701103,-10.7798929214,0.3711012602
38944,,,
38988,0.14844051,-12.3445043564,-0.0754173547
39024,,,
39054,,-11.0911397934,
39055,6.1064114571,,-4.2951979637
39104,,,
39121,1.2294225693,-12.5156898499,0.672770679
39184,,,
39187,,-13.3165502548,
39188,-4.5453920364,,3.3710360527
39254,,-10.3621053696,
39255,0.5913678408,,0.0071826051
39284,,,
39321,-0.4010287821,-6.2333040237,2.8909986019
39364,,,
39387,-2.5893292427,-5.4120931625,1.9189527035
39444,,,
39454,-1.387439847,-3.8139634132,0.2705447972
39521,2.0195090771,-12.9741792679,-12.4941415787
39524,,,
39587,,-9.8497457504,
39588,-0.3962403834,,-5.0769047737
39604,,,
39654,,-19.547460556,
39655,-10.0508584976,,-2.9831752777
39684,,,
39721,-4.4987049103,-1.9800047874,5.5545477867
39764,,,
39787,,-14.3807725906,
39788,4.6998181343,,3.0933086872
39844,,,
39854,2.0602104664,-8.1809873581,-0.8295909166
39921,-2.2565350533,-9.1362733841,0.0981622711
39924,,,
39987,,-9.2954883575,
39988,0.0107739074,,-2.0099322796
40004,,,
40054,1.234210968,-9.0429000854,
40055,,,2.668337822
40084,,,
40121,-1.5801731348,-11.0456495285,-0.3387795389
40164,,,
40187,,-11.6657476425,
40188,1.9237411022,,0.4477157295
40244,,,
40254,,-11.9243211746,
40255,3.5122938156,,-3.0406360626
40321,2.0075380802,-12.0715646744,-1.1827356815
40324,,,
40388,-6.0453591347,-14.9458036423,4.1958384514
40404,,,
40454,,-10.5548381805,
40455,-1.8986018896,,1.1492167711
40484,,,
40521,1.3730746508,-7.0389528275,0.940921247
40584,,,
40587,,-4.3514614105,
40588,-1.878251195,,3.7421371937
40654,,-5.3534350395,
40655,-2.4384944439,,-0.0622492433
40664,,,
40721,1.4389152527,-12.6461734772,-7.9415669441
40744,,,
40788,1.8997989893,-12.3612632751,-8.7771434784
40824,,,
40854,,-4.8422727585,
40855,-1.460463047,,-1.0714052916
40904,,,
40921,-7.8182654381,-15.0284042358,-1.3359645605
40984,,,
40987,,-4.6986207962,
40988,-1.7142484188,,6.3853359222
41054,,-13.0412168503,
41055,3.2225954533,,4.6722846031
41064,,,
41121,4.0785226822,-9.014169693,-4.1060557365
41144,,,
41188,-0.326808542,-9.1350765228,1.9644424915
41224,,,
41254,,-9.1997203827,
41255,0.0682347491,,-2.5677812099
41304,,,
41321,-0.2358288616,-8.8537578583,2.9388825893
41384,,,
41388,2.0458452702,-11.6094837189,0.6464344859
41454,,-11.66933918,
41455,3.7014358044,,-0.0909796655
41464,,,
41521,5.5844755173,-11.7040548325,
41522,,,-3.0442273617
41544,,,
41588,0.4285621047,-11.3952026367,-0.8020575643
41624,,,
41654,,-14.8835544586,
41655,-4.6088380814,,4.231751442
41704,,,
41721,1.7896658182,-10.9606552124,
41722,,,-0.5494692922
41788,0.5650315881,-6.7121443748,3.4153287411
41804,,,
41854,,-4.4017395973,
41855,-2.8574798107,,2.7509377003
41884,,,
41921,-1.686715126,-2.6611552238,0.6715735793
41964,,,
41987,,-16.1261463165,
41988,1.9057846069,,-13.406332016
42044,,,
42054,-1.7537527084,-6.8964982033,
42055,,,-3.5565867424
42121,-9.4415340424,-14.3209171295,-2.284068346
42124,,,
42188,-2.917334795,-4.8207249641,6.4559650421
42204,,,
42254,,-10.6781396866,
42255,4.0845079422,,6.0429649353
42284,,,
42321,3.185485363,-8.7053174973,-1.974019289
42364,,,
42388,-1.9584569931,-9.051279068,0.8176198602
42444,,,
42454,-0.0047884034,-10.2639427185,-2.6551697254
42521,-1.3180080652,-8.7113027573,3.0717608929
42524,,,
42588,0.6440402865,-11.4263277054,-0.9911994934
42604,,,
42654,,-11.823764801,
42655,2.5210943222,,-0.1855506301
42684,,,
42721,4.9871220589,-11.2204265594,-2.8143839836
42764,,,
42787,,-11.7375736237,
42788,0.9708487988,,-1.3251906633
42844,,,
42854,-4.9871220589,-14.7542676926,
42855,,,4.1623196602
42921,-2.8395233154,-11.6058931351,0.7709329724
42924,,,
42987,,-9.0129718781,
42988,1.7453730106,,0.6356605291
43004,,,
43054,,-5.220556736,
43055,-2.0482394695,,3.6332011223
43104,,,
43121,-2.7018566132,-3.7768530846,
43122,,,0.7050924301
43184,,,
43187,,-12.0787477493,
43188,0.7912836671,,-8.8860797882
43254,2.238578558,-13.1286048889,
43255,,,-8.413225174
43264,,,
43321,-6.2883706093,-9.5708217621,
43322,,,-0.8559271097
43344,,,
43387,,-11.353304863,
43388,0.4058171809,,2.5989060402
43424,,,
43454,,-5.963956356,
43455,2.0973207951,,10.3980178833
43504,,,
43521,5.2229509354,-11.7806692123,-3.2860417366
43584,,,
43588,-0.3004723191,-7.5142021179,
43654,,-9.2930936813,
43655,0.6260837317,,0.9876081944
43664,,,
43721,2.1308395863,-10.1813430786,
43722,,,-0.0646434426
43744,,,
43787,,-10.2316207886,
43788,-0.3722983599,,0.3363853395
43824,,,
43854,,-10.6901102066,
43855,3.3734302521,,0.1735796183
43904,,,
43921,3.8498764038,-11.501745224,-0.7038952708
43984,,,
43988,5.4120931625,-11.7974290848,-4.3658266068
44054,,-12.3409128189,
44055,-1.6148890257,,0.9229647517
44064,,,
44121,-4.0737342834,-12.8460893631,1.406593442
44144,,,
44188,4.535815239,-10.5320930481,-1.230619669
44224,,,
44254,-0.5853823423,-5.1870379448,
44255,,,4.0162734985
44304,,,
44321,-3.0933086872,-4.606443882,1.3575123549
44388,-1.728613615,-5.5533509254,-0.7948749661
44404,,,
44454,,-13.6074457169,
44455,3.2788591385,,-12.0763530731
44484,,,
44521,-1.4173674583,-6.1566896439,
44522,,,-2.2182278633
44564,,,
44588,-9.6905317307,-16.1704387665,-2.1571757793
44644,,,
44654,-2.7700912952,-3.1878795624,
44655,,,6.7995328903
44721,5.4420204163,-12.5755443573,4.6100354195
44724,,,
44788,2.4121582508,-8.6861639023,-1.8411411047
44804,,,
44854,,-8.9076271057,
44855,-2.4109611511,,0.9229647517
44884,,,
44921,0.9971849918,-10.0795888901,-2.4157495499
44964,,,
44988,0.14844051,-9.1135292053,1.0199298859
45044,,,
45054,0.3663128614,-10.2555627823,
45055,,,0.5961562395
45121,2.588132143,-11.0276927948,1.0929530859
45124,,,
45188,5.285200119,-12.0643825531,-1.5454572439
45204,,,
45254,,-11.7495450974,
45255,1.9919757843,,-2.9149405956
45284,,,
45321,-3.0957028866,-14.5794916153,5.0110640526
45364,,,
45387,,-12.9442510605,
45388,-4.2868180275,,0.6117185354
45444,,,
45454,0.9995791912,-8.4287872314,1.0917559862
45521,-1.8890250921,-4.813542366,2.6252422333
45524,,,
45587,,-3.596091032,
45588,-2.6659436226,,0.8619126081
45604,,,
45654,,-11.3604869843,
45655,0.3651157618,,-8.6095495224
45704,,,
45721,4.0976762772,-14.5208330154,-9.212887764
45784,,,
45787,,-5.2672438622,
45788,-5.7999534607,,3.0669724941
45854,,-16.6241397858,
45855,-1.7693150043,,-6.7049617767
45864,,,
45921,1.7238252163,-4.3670239449,8.6011695862
45944,,,
45987,,-12.8676366806,
45988,5.1200003624,,-0.739808321
46024,,,
46054,,-7.8410105705,
46055,-2.0039467812,,0.7374141216
46104,,,
46121,-0.4704606235,-10.2471828461,-0.2202665508
46184,,,
46188,3.8594532013,-9.0859956741,1.1121066809
46254,,-10.2914762497,
46255,0.5015852451,,-0.4812345505
46264,,,
46321,-0.831985116,-11.3473186493,0.542286694
46344,,,
46387,,-11.4909706116,
46388,4.3347020149,,-0.011971008
46424,,,
46455,4.6662993431,-11.8776350021,-5.0062756538
46504,,,
46521,-1.1743559837,-12.6114578247,
46522,,,2.2852654457
46584,,,
46588,-5.5102553368,-13.1609268188,2.0003554821
46654,,-10.6099052429,
46655,4.4089221954,,-0.6488286853
46664,,,
46721,-1.8686743975,-5.4851160049,4.2856211662
46744,,,
46787,,-4.2760443687,
46788,-2.6240451336,,1.613691926
46824,,,
46854,,-4.9907135963,
46855,-2.7952303886,,-0.4261679053
46921,4.581305027,-16.3452148438,-12.7646865845
46924,,,
46988,-2.0326771736,-4.6543278694,-3.2872388363
47004,,,
47054,,-12.8688344955,
47055,-8.2683753967,,-0.9792284966
47084,,,
47121,-1.8291701078,-5.9292407036,7.1814079285
47164,,,
47187,,-12.1457853317,
47188,3.4249055386,,5.1259856224
47244,,,
47254,3.9157168865,-9.3517522812,
47255,,,-2.4013843536
47321,-1.391031146,-9.0752220154,2.1236569881
47324,,,
47388,2.1080946922,-9.0584621429,-1.8471266031
47404,,,
47454,,-9.4439287186,
47455,1.0929530859,,1.4676456451
47484,,,
47521,-0.3244143426,-10.3142213821,
47522,,,-0.0670376495
47564,,,
47587,,-12.1757125854,
47588,1.6412252188,,-1.2401964664
47644,,,
47654,,-12.0272722244,
47655,5.2636523247,,-2.5857379436
47721,3.6248214245,-11.8584814072,-3.3638534546
47724,,,
47788,-3.6080620289,-14.9481983185,7.5932106972
47804,,,
47854,,-12.3373212814,
47855,-0.2920926213,,0.4070142806
47884,,,
47921,0.1340752989,-6.1722521782,2.5737667084
47965,,,
47987,,-4.438849926,
47988,-3.1615433693,,3.9923312664
48044,,,
48054,,-3.5122938156,
48055,-2.3678655624,,0.2106897533
48121,2.3870191574,-17.4525337219,-14.7111721039
48124,,,
48187,,-8.6023664474,
48188,0.7852981687,,-4.3011832237
48224,,,
48254,,-10.1645832062,
48255,-7.0640921593,,-0.6560112834
48304,,,
48321,-2.6599581242,-8.431180954,4.8745946884
48384,,,
48387,,-9.32421875,
48388,4.0210618973,,7.481880188
48454,,-10.1609916687,
48455,2.9149405956,,-1.7920600176
48464,,,
48521,-2.4899697304,-8.4670944214,
48522,,,1.9345149994
48544,,,
48588,1.7741034031,-9.4511108398,-1.3299790621
48624,,,
48654,,-8.7939023972,
48655,2.6408045292,,1.4496891499
48704,,,
48721,-0.1999158412,-11.0252990723,-0.3818751574
48784,,,
48788,2.8898015022,-11.3820352554,1.1779472828
48854,,-12.0823392868,
48855,4.9512090683,,-2.4935610294
48864,,,
48921,2.5330653191,-11.5627975464,-2.2685060501
48944,,,
48988,-3.740940094,-14.7219467163,5.3785738945
49024,,,
49054,-3.9827544689,-12.1852893829,
49055,,,0.5913678408
49104,,,
49121,1.3742717505,-8.4048452377,
49122,,,1.2473790646
49184,,,
49187,,-5.1870379448,
49188,-2.177526474,,3.7457284927
49254,,-3.3578679562,
49255,-2.9724013805,,0.5841852427
49264,,,
49321,0.9708487988,-12.470199585,-9.1171197891
49344,,,
49388,1.6184803247,-12.3421096802,-7.3549876213
49424,,,
49454,,-3.6727054119,
49455,-3.2477345467,,-0.0993593708
49521,-3.3123781681,-21.204246521,
49522,,,-9.2152824402
49524,,,
49588,0.2717418969,-2.5617957115,6.6594719887
49604,,,
49654,,-13.8767929077,
49655,5.176264286,,0.3866635859
49684,,,
49721,-0.7613561153,-7.1502833366,0.9481038451
49764,,,
49787,,-10.1741600037,
49788,0.3627215624,,1.2785036564
49844,,,
49854,1.3946224451,-10.2136640549,-3.2333693504
49921,-0.1472434103,-9.6258878708,2.0302829742
49924,,,
49988,1.4772224426,-10.8984060287,0.2226607651
50004,,,
50054,,-11.2671127319,
50055,2.5773582458,,-1.0342950821
50084,,,
50121,4.5094790459,-11.862071991,-3.7900211811
50164,,,
50187,,-12.3468980789,
50188,-1.1659762859,,0.3866635859
50244,,,
50254,-4.3382935524,-13.6565265656,
50255,,,2.4289176464
50321,1.0761936903,-10.8134117126,0.6548141837
50324,,,
50388,0.4321534038,-6.9491705894,3.2357635498
50404,,,
50454,,-4.2090067863,
50455,-2.7772738934,,2.9688100815
50484,,,
50521,-2.3630771637,-4.2245688438,
50522,,,-0.1340752989
50564,,,
50587,,-14.8165168762,
50588,0.9289502501,,-11.7291936874
50644,,,
50654,-0.6847416759,-6.5553240776,-3.2417490482
50721,-7.727285862,-12.7012395859,-0.624886632
50724,,,
50788,-1.0426748991,-5.7963624001,7.2412629128
50824,,,
50854,2.8862102032,-10.1957082748,7.02937603
50904,,,
50921,4.3143515587,-10.3980178833,-1.8734627962
50984,,,
50987,,-8.6406736374,
50988,-2.6216509342,,0.9995791912
51054,,-10.2890815735,
51055,1.1743559837,,-2.9915549755
51064,,,
51121,2.4468741417,-8.8010854721,1.552639842
51144,,,
51188,0.8834604025,-10.6613798141,1.521515131
51224,,,
51254,,-11.0791683197,
51255,1.1360486746,,1.8854337931
51304,,,
51321,3.9743747711,-11.3628816605,-2.3953988552
51384,,,
51387,,-11.7519388199,
51388,3.208230257,,-3.7553052902
51454,,-14.3412685394,
51455,-0.9768342972,,3.9420530796
51464,,,
51521,-4.3538556099,-13.4913263321,1.0295066833
51544,,,
51588,1.9440917969,-8.5664539337,1.1468225718
51624,,,
51654,,-5.5018754005,
51655,-0.9732429981,,4.7022123337
51704,,,
51721,-4.1706995964,-3.5075054169,2.1080946922
51784,,,
51788,1.5622166395,-13.6277961731,-10.2220439911
51854,1.6771383286,-10.427945137,
51855,,,-8.0205755234
51864,,,
51921,-0.8631097078,-4.8446669579,-2.610877037
51944,,,
51987,,-20.1914997101,
51988,-7.8733325005,,-10.4830121994
52044,,,
52054,,-0.0610521436,
52055,0.349553436,,10.1334590912
52121,5.8753709793,-14.6812448502,1.6998832226
52124,,,
52188,-0.3519476354,-7.6961612701,-0.8379706144
52204,,,
52254,,-9.8892498016,
52255,-1.2461819649,,1.5059528351
52284,,,
52321,2.7928361893,-10.2902784348,-0.7110779285
52364,,,
52387,,-9.9096012115,
52388,-1.7812861204,,0.8295909166
52444,,,
52454,,-11.7291936874,
52455,1.2222399712,,-0.9229647517
52521,3.0550012589,-11.8896055222,-0.4405331016
52524,,,
52588,5.0014872551,-11.2335939407,-2.7724854946
52604,,,
52654,,-12.0452289581,
52655,0.825999558,,-0.3890577853
52684,,,
52721,-4.0833110809,-12.8401041031,2.9640216827
52764,,,
52788,-0.8451532125,-10.6996870041,0.8906430602
52844,,,
52854,0.3411737382,-7.0341644287,2.5270798206
52921,-2.6791117191,-5.1930236816,1.2126631737
52924,,,
52988,-2.2050597668,-3.9384617805,-0.2298433632
53004,,,
53054,,-13.2279644012,
53055,0.9002198577,,-10.0831804276
53084,,,
53121,2.2577321529,-11.7411651611,-5.9136781693
53164,,,
53187,,-3.476380825,
53188,-4.1024646759,,1.0941501856
53244,,,
53254,-3.0729579926,-19.4277496338,
53255,,,-10.285490036
53321,1.276109457,-2.4923639297,7.6291236877
53344,,,
53388,5.1535191536,-14.3029613495,1.5275006294
53424,,,
53454,,-7.3262572289,
53455,-0.9301473498,,1.0534487963
53504,,,
53521,-0.6320692301,-10.6482124329,-0.1735796183
53584,,,
53587,,-9.7168674469,
53588,2.0027496815,,0.4620809257
53654,,-10.3788642883,
53655,-1.6771383286,,-0.8667010069
53664,,,
53721,1.6986861229,-11.4837884903,-1.1288660765
53744,,,
53787,,-11.2814788818,
53788,1.1827356815,,-0.3711012602
53824,,,
53854,,-11.2910556793,
53855,4.6914381981,,-3.227383852
53904,,,
53921,-0.0239420161,-12.1972608566,-0.457292527
53984,,,
53987,,-13.7582798004,
53988,-4.64594841,,3.5541923046
54054,,-9.9239664078,
54055,2.1811177731,,0.0993593708
54064,,,
54121,1.0402805805,-7.5345525742,2.0602104664
54144,,,
54188,-2.588132143,-5.1726727486,2.3930046558
54224,,,
54254,,-4.5010991096,
54255,-1.6759412289,,-0.0945709646
54304,,,
54321,,-14.5878705978,
54322,0.3148375154,,-11.2970409393
54384,,,
54388,1.1049240828,-10.9295310974,-5.1654901505
54454,,-7.6782050133,
54455,-4.600458622,,0.672770679
54465,,,
54521,-2.0817582607,-16.5379486084,-7.6841902733
54544,,,
54588,-0.7074866295,-4.025850296,5.149928093
54644,,,
54654,,-12.8652429581,
54655,4.8398785591,,0.5710170865
54721,-0.6811503768,-7.9738888741,0.6404489279
54724,,,
54788,-1.2234370708,-9.7264442444,1.2713210583
54804,,,
54854,,-9.9874124527,
54855,1.7381904125,,0.5075707436
54884,,,
54921,0.9121908545,-10.9043912888,-0.3088520169
54964,,,
54988,2.8957870007,-10.6111021042,0.6703764796
55044,,,
55054,,-11.1067018509,
55055,4.4220905304,,-0.653617084
55121,,-12.270283699,
55122,4.1276035309,,-4.2341456413
55124,,,
55187,,-13.3177471161,
55188,-1.4221558571,,2.8850131035
55204,,,
55254,,-13.0807209015,
55255,-5.1511249542,,1.2545616627
55284,,,
55321,4.2975921631,-10.1897220612,-1.7190368176
55364,,,
55388,-1.0893617868,-5.4779334068,3.4751837254
55444,,,
55454,,-5.5473651886,
55455,-2.3127987385,,0.9900023937
55521,-0.0478840321,-6.1722521782,
55522,,,-2.6779146194
55524,,,
55588,1.3766659498,-10.4854059219,-8.7328510284
55604,,,
55654,-1.1516109705,-9.349357605,-4.9715600014
55684,,,
55721,-6.4176578522,-9.5827922821,
55722,,,-1.192312479
55764,,,
55787,,-11.3389396667,
55788,1.2042834759,,4.6016554832
55844,,,
55854,3.1699230671,-5.3486466408,
55855,,,7.088034153
55921,,-12.2619037628,
55922,3.5996823311,,-1.1599906683
55944,,,
55987,,-7.8841061592,
55988,-3.0538041592,,-0.1029506698
56024,,,
56054,,-9.4223804474,
56055,2.2062568665,,0.7805097699
56104,,,
56121,1.5670050383,-9.8677024841,-1.6496049166
56184,,,
56187,,-9.782708168,
56188,0.1879448295,,1.7693150043
56254,,-10.7751045227,
56255,0.08379706,,1.725022316
56264,,,
56321,3.4691982269,-12.2020492554,
56322,,,0.0885854661
56344,,,
56388,5.5018754005,-11.8788318634,-5.2169656754
56424,,,
56454,,-11.4239330292,
56455,1.7166426182,,-1.18872118
56504,,,
56521,-4.3897686005,-15.4078845978,
56522,,,3.8462851048
56584,,,
56588,0.0610521436,-11.3545017242,0.513556242
56654,,-7.2209124565,
56655,1.4413094521,,1.7046716213
56664,,,
56721,-2.4468741417,-4.147954464,3.6547489166
56744,,,
56788,-2.9544448853,-4.6100354195,-0.7242460251
56824,,,
56854,,-13.3787994385,
56855,-0.349553436,,-11.4442844391
56904,,,
56921,1.3491326571,-8.9602994919,-6.0429649353
56984,,,
56987,,-7.2448544502,
56988,-2.1787235737,,-0.3244143426
57054,,-16.0064353943,
57055,-4.0737342834,,-7.5812397003
57064,,,
57121,3.3183636665,-6.0274028778,
57122,,,7.7512278557
57164,,,
57188,4.3837833405,-12.5061130524,-0.379480958
57244,,,
57254,-2.3570916653,-7.8661499023,
57255,,,1.3239935637
57321,1.0163385868,-9.1398649216,3.0837318897
57324,,,
57388,,-10.298658371,
57389,0.6524199843,,-2.0398597717
57404,,,
57454,,-10.6134958267,
57455,0.7852981687,,-3.0633809566
57484,,,
57521,0.6392518282,-10.8541135788,
57522,,,0.5003881454
57564,,,
57587,,-12.283452034,
57588,0.7769184709,,-0.7338228226
57644,,,
57654,,-11.9841766357,
57655,6.9779009819,,-2.6204538345
57721,0.0083797062,-11.5675859451,-1.7932571173
57724,,,
57788,-3.0705637932,-14.2227554321,4.994304657
57804,,,
57854,,-13.1537437439,
57855,-2.7617115974,,1.4628572464
57884,,,
57921,0.245405674,-7.9272017479,2.6599581242
57964,,,
57988,-2.1475989819,-4.3754034042,3.9193081856
58044,,,
58054,,-2.4732103348,
58055,-3.5470097065,,1.2234370708
58121,,-16.3799304962,
58122,1.7741034031,,-12.8065853119
58124,,,
58188,1.8339585066,-11.650185585,-6.9252285957
58204,,,
58254,,-5.2157683372,
58255,-3.6882677078,,1.1959037781
58284,,,
58321,-1.7106571198,-21.2437515259,
58322,,,-5.4049105644
58364,,,
58388,0.9540894032,-2.8012158871,7.8158712387
58454,,-13.356054306,
58455,4.2616791725,,-0.7924807668
58465,,,
58521,-0.6823474765,-8.2947120667,
58522,,,0.2202665508
58544,,,
58588,-0.1771709323,-8.6861639023,0.4285621047
58624,,,
58654,,-9.8569288254,
58655,2.894589901,,-0.1795651317
58704,,,
58721,,-9.8748846054,
58722,1.2856862545,,-0.7350199223
58784,,,
58787,,-11.2647190094,
58788,-2.6443958282,,0.5363011956
58854,,-11.6537771225,
58855,2.1140801907,,0.0993593708
58864,,,
58921,4.4759602547,-12.4019651413,-1.5310919285
58944,,,
58988,0.895431459,-12.0344552994,-3.5087025166
59024,,,
59054,,-13.3823900223,
59055,-3.1974563599,,4.6902413368
59104,,,
59121,-4.0246529579,-13.0352315903,0.6392518282
59184,,,
59187,,-9.646238327,
59188,1.5693992376,,1.2653355598
59254,,-5.3079452515,
59255,-1.7070658207,,3.4823663235
59264,,,
59321,-3.4524388313,-3.5829229355,1.5729905367
59344,,,
59388,0.141257897,-9.8293952942,-7.1706342697
59424,,,
59454,,-13.0041065216,
59455,1.7549498081,,-9.1219081879
59504,,,
59521,-4.2030210495,-6.9360022545,
59522,,,-1.456871748
59584,,,
59587,,-12.0488204956,
59588,-0.6739677787,,1.4496891499
59654,,-7.5824365616,
59655,3.7313632965,,8.8896713257
59664,,,
59721,5.0194439888,-12.2116260529,-1.1647791862
59764,,,
59788,-1.4281413555,-7.3657617569,1.881842494
59844,,,
59854,,-9.6941223145,
59855,-0.7003039718,,1.3443442583
59921,1.7345991135,-10.1849336624,-2.2170307636
59924,,,
59988,0.9528923035,-9.8724908829,-0.4932055473
60004,,,
60054,,-10.6960964203,
60055,1.9596540928,,1.5885528326
60084,,,
60121,,-11.5771627426,
60122,1.2174515724,,0.7972691655
60164,,,
60187,6.448782444,-12.0583972931,
60188,,,-3.8163576126
60244,,,
60254,,-12.3133792877,
60255,0.2501940727,,-0.7984662652
60321,-6.0345854759,-15.5347776413,
60322,,,3.7684733868
60324,,,
60388,1.6280571222,-10.9403047562,-0.1771709323
60404,,,
60454,,-7.6997528076,
60455,1.0749965906,,2.7605144978
60484,,,
60521,-2.1260511875,-5.2971711159,3.8546648026
60564,,,
60588,-3.7529110909,-2.7964274883,0.7781155705
60644,,,
60654,,-11.4406929016,
60655,0.9612720013,,-11.5041389465
60721,1.7393875122,-12.0811414719,-7.5932106972
60724,,,
60787,,-11.5831480026,
60788,-8.1785926819,,-0.7218518257
60804,,,
60854,,-12.3277444839,
60855,-1.0606313944,,-0.8643068075
60884,,,
60921,,-7.4064631462,
60922,3.7876269817,,8.0145902634
60964,,,
60987,,-11.1474027634,
60988,3.8271315098,,-2.9448680878
61054,-1.1372457743,-7.9331874847,1.3132196665
61064,,,
61121,0.9469067454,-9.7455978394,0.6081272364
61144,,,
61188,1.8339585066,-9.5899753571,0.6943184733
61224,,,
61254,,-9.6510267258,
61255,-0.6404489279,,-0.720654726
61304,,,
61321,0.1640028208,-10.7248268127,0.7194576263
61384,,,
61388,1.0390834808,-11.7567272186,0.1089361757
61454,,-11.824962616,
61455,5.0242323875,,-2.506729126
61464,,,
61521,0.245405674,-12.0344552994,
61522,,,-1.8076223135
61544,,,
61587,,-15.112200737,
61588,-3.7624878883,,4.6950297356
61624,,,
61654,,-11.9063653946,
61655,-2.8778305054,,1.0534487963
61704,,,
61721,0.8224082589,-8.219294548,1.7657237053
61784,,,
61788,-2.2325930595,-5.3055510521,3.9157168865
61854,,-3.2836475372,
61855,-3.8558619022,,0.6835445762
61864,,,
61921,,-11.3329534531,
61922,0.3423708379,,-8.4455461502
61944,,,
61988,3.7624878883,-14.5687170029,-10.086771965
62024,,,
62054,,-4.0988731384,
62055,-3.0047230721,,-0.0454898328
62104,,,
62121,0.0706289485,-18.6484375,-9.1614131927
62184,,,
62188,-5.5174379349,-0.6847416759,3.204638958
62254,,-14.0467815399,
62255,5.9843072891,,1.3132196665
62284,,,
62321,-0.8104372621,-7.5477209091,-0.873883605
62364,,,
62387,,-9.9287548065,
62388,-0.1628057212,,0.7098808289
62444,,,
62454,,-8.9758625031,
62455,0.4489128292,,0.2011129409
62521,,-9.2511949539,
62522,0.2717418969,,2.0362684727
62524,,,
62588,-0.6871358752,-11.1869077682,-0.6177040339
62604,,,
62654,,-10.3190097809,
62655,2.2349872589,,0.0011971008
62684,,,
62721,4.0485949516,-10.3860473633,
62722,,,-0.9900023937
62764,,,
62787,,-14.1162128448,
62788,-0.8020575643,,-3.8355112076
62844,,,
62854,-1.74776721,-12.2235965729,2.7868506908
62921,-5.5138463974,-13.1752920151,0.3339911401
62924,,,
62988,3.7744588852,-8.8848829269,-0.1951274425
63004,,,
63054,,-6.8378400803,
63055,-1.5406688452,,2.2732944489
63084,,,
63121,-2.0961236954,-5.6060233116,0.5207388401
63164,,,
63188,-0.6512228847,-7.4160399437,-2.4768016338
63244,,,
63254,,-8.8729114532,
63255,0.1807622313,,-5.0374002457
63321,1.1240776777,-11.4957590103,-6.5301852226
63324,,,
63387,,-6.2380924225,
63388,-0.6859387755,,-3.4392707348
63404,,,
63454,,-16.6552639008,
63455,-7.6291236877,,-4.7273511887
63484,,,
63521,0.5698199868,-7.146692276,6.8174891472
63584,,,
63588,4.1706995964,-9.3290071487,6.0944404602
63654,,-10.7308120728,
63655,3.6810851097,,-2.177526474
63664,,,
63721,-2.0530278683,-7.7284832001,1.4101848602
63744,,,
63788,0.6655880809,-9.4930095673,1.3670891523
63824,,,
63854,,-9.2954883575,
63855,0.9457096457,,0.6596025825
63904,,,
63921,-0.4740519226,-9.7551746368,
63922,,,1.0235211849
63984,,,
63987,,-11.2084550858,
63988,-0.9720458984,,0.4393360019
64054,,-9.9107980728,
64055,3.0514099598,,0.323217243
64064,,,
64121,3.1723172665,-10.5356845856,-1.3012486696
64144,,,
64188,3.6415808201,-12.5779390335,-2.8706479073
64224,,,
64254,,-11.8824234009,
64255,-0.7026981711,,1.322796464
64304,,,
64321,-4.535815239,-11.7651071548,1.8997989893
64384,,,
64388,3.0717608929,-9.3098535538,-0.3711012602
64454,,-7.4399819374,
64455,0.2597708702,,2.442085743
64464,,,
64521,-2.3211784363,-6.2117562294,0.6751648784
64544,,,
64587,,-5.9088897705,
64588,-1.6783354282,,-1.2473790646
64624,,,
64654,1.9608511925,-11.2180318832,
64655,,,-8.0098018646
64704,,,
64721,2.0231003761,-11.7639102936,-6.2883706093
64784,,,
64787,,-7.3190746307,
64788,-4.8398785591,,-0.5111620426
64854,,-18.8160305023,
64855,-1.9692308903,,-7.2783732414
64884,,,
64921,-2.1763293743,-3.2573113441,4.9823336601
64964,,,
64988,5.279214859,-12.8101758957,0.0131681096
65044,,,
65054,,-7.4950485229,
65055,-0.9433154464,,0.2322375625
65121,,-9.7216558456,
65122,0.5781996846,,1.0007762909
65124,,,
65188,0.7098808289,-9.4606876373,-1.2366051674
65204,,,
65254,,-9.7815113068,
65255,0.4022258818,,1.303642869
65284,,,
65321,-0.0311246216,-11.4957590103,0.356736064
65364,,,
65387,,-10.9989624023,
65388,2.4803929329,,-0.988805294
65444,,,
65454,,-11.3556985855,
65455,4.4053311348,,-1.4867992401
65521,,-11.8465099335,
65522,-0.9421183467,,-0.538695395
65524,,,
65588,-4.1563339233,-14.5830821991,4.1455602646
65604,,,
65654,,-11.6070899963,
65655,-3.537432909,,0.5889736414
65684,,,
65721,1.6340426207,-7.8493905067,1.2808978558
65764,,,
65787,,-5.2768206596,
65788,-2.487575531,,3.8163576126
65844,,,
65854,,-5.0314149857,
65855,-2.487575531,,-0.0035913025
65921,-0.3016694188,-10.0364933014,
65922,,,-6.8474168777
65924,,,
65988,4.438849926,-13.9426336288,-9.2763347626
66004,,,
66054,,-3.1986534595,
66055,-3.6296098232,,-0.0514753349
66084,,,
66121,-1.7453730106,-20.2298069,-7.3154830933
66184,,,
66187,,-0.8798691034,
66188,-1.2749123573,,7.0269818306
66254,,-14.659696579,
66255,5.9807157516,,1.2976573706
66264,,,
66321,-1.7956513166,-8.0924015045,-0.6607996821
66344,,,
66388,-1.3587094545,-10.2567596436,2.2996306419
66424,,,
66454,2.4564509392,-9.137471199,
66455,,,0.7924807668
66504,,,
66521,-0.6476315856,-9.609128952,-0.3196259141
66584,,,
66587,,-11.2180318832,
66588,1.5969325304,,-0.9708487988
66654,1.4832079411,-11.1414175034,
66655,,,-1.951274395
66664,,,
66721,,-11.9039707184,
66722,5.5473651886,,-3.1052796841
66744,,,
66788,-0.7290344238,-12.46301651,0.7457938194
66824,,,
66854,,-14.9074964523,
66855,-4.4304704666,,2.442085743
66904,,,
66921,,-11.074379921,
66922,2.2361843586,,-1.7573440075
66984,,,
66988,0.282515794,-6.1519012451,3.162740469
67054,,-4.0821137428,
67055,-2.917334795,,3.0597896576
67065,,,
67121,-3.5877113342,-6.7528457642,
67122,,,-2.3451206684
67144,,,
67188,0.6021417379,-9.6881370544,-8.4287872314
67224,,,
67254,,-9.8545341492,
67255,1.215057373,,-4.7704467773
67304,,,
67321,,-3.8821980953,
67322,-3.6451721191,,0.2777273953
67388,2.426523447,-17.9313735962,-6.6654577255
67404,,,
67454,,-3.2070331573,
67455,1.7693150043,,7.3849153519
67484,,,
67521,6.1674637794,-13.2399358749,-0.0239420161
67564,,,
67588,-2.4959552288,-8.0086050034,1.5227122307
67644,,,
67654,,-9.815030098,
67655,0.4441244006,,0.7278373241
67721,0.5686228871,-8.6694040298,0.3579331636
67724,,,
67787,,-10.1346559525,
67788,0.4118026793,,0.1699883193
67804,,,
67854,3.2585084438,-10.571598053,
67855,,,0.5147533417
67884,,,
67921,,-12.0571994781,
67922,0.7481880188,,-0.4560954273
67964,,,
67988,5.9052987099,-11.4335098267,-3.3039982319
68044,,,
68054,,-11.9434747696,
68055,-0.345962137,,0.9014169574
68121,-5.1714758873,-15.6101951599,2.4217350483
68124,,,
68187,,-10.5859632492,
68188,2.8634653091,,0.017956512
68204,,,
68254,-0.04189853,-5.6742582321,
68255,,,2.7533318996
68284,,,
68321,-2.0697872639,-3.6691141129,3.3159694672
68364,,,
68388,-2.4444799423,-5.214571476,-0.1891419291
68444,,,
68454,,-16.1117801666,
68455,0.0071826051,,-12.9358720779
68521,0.1472434103,-9.1302881241,-3.7588965893
68524,,,
68588,-8.400056839,-13.0735387802,-1.8770540953
68604,,,
68654,,-7.2939352989,
68655,-1.8148049116,,7.0820484161
68704,,,
68721,4.8841714859,-12.1948661804,6.7061591148
68784,,,
68787,,-9.6234941483,
68788,2.9712042809,,-3.5350387096
68854,,-8.6921491623,
68855,-2.4600422382,,0.3256114423
68864,,,
68921,1.8303672075,-9.6199026108,-0.7110779285
68944,,,
68988,2.3487119675,-9.2476043701,1.3275848627
69024,,,
69054,,-10.8074264526,
69055,-0.3890577853,,-0.6524199843
69104,,,
69121,2.0733785629,-10.7727108002,
69122,,,1.2222399712
69184,,,
69188,3.906140089,-11.2515506744,-1.2198457718
69254,,-12.8820018768,
69255,2.4444799423,,-3.4596214294
69264,,,
69321,-2.1571757793,-14.8655986786,
69322,,,4.7979803085
69344,,,
69388,-4.562151432,-12.8652429581,0.3076549172
69424,,,
69454,,-9.5025863647,
69455,2.1475989819,,1.1827356815
69504,,,
69521,,-3.989937067,
69522,-2.0997149944,,4.5118732452
69584,,,
69588,-1.2940660715,-3.9492356777,0.6548141837
69654,,-10.0879688263,
69655,0.7015010715,,-5.8550200462
69664,,,
69721,0.8152256608,-14.5340013504,-11.2575359344
69744,,,
69787,,-7.7440452576,
69788,-6.1231708527,,
69789,,,1.5574282408
69824,,,
69854,,-17.6368865967,
69855,-1.4425065517,,-6.9767036438
69904,,,
69921,4.374206543,-5.3031568527,8.7903118134
69988,4.0043025017,-13.0867061615,-0.3711012602
70004,,,
70054,,-7.888894558,
70055,-2.1200656891,,0.0454898328
70084,,,
70121,,-9.6546182632,
70122,1.0941501856,,-0.3351882398
70164,,,
70188,1.4975731373,-9.2679548264,-0.2681505978
70244,,,
70254,,-10.3118267059,
70255,0.5051765442,,-0.5698199868
70321,1.1623848677,-10.8361568451,0.7553706169
70324,,,
70388,2.1906945705,-11.2695074081,-0.360327363
70404,,,
70454,,-11.1952867508,
70455,4.4963107109,,-3.3602621555
70484,,,
70521,-1.2186486721,-12.2092313766,
70522,,,0.7362170219
70564,,,
70588,-3.1687259674,-13.8313035965,2.9293057919
70644,,,
70654,,-10.5033626556,
70655,1.1348515749,,0.5351040959
70721,0.4094084799,-6.842628479,
70722,,,2.6779146194
70724,,,
70788,-2.5438392162,-5.1571106911,3.3566708565
70804,,,
70854,,-4.9583916664,
70855,-2.4744074345,,-0.6560112834
70884,,,
70921,1.3108254671,-13.9510135651,
70922,,,-10.9486846924
70964,,,
70988,0.9229647517,-11.9506578445,-6.7827734947
71044,,,
71054,,-15.2821893692,
71055,-8.7974939346,,-1.4903905392
71121,,-1.6938977242,
71122,-3.6511576176,,7.4244194031
71124,,,
71188,2.7030537128,-12.8209505081,7.0162081718
71204,,,
71254,,-9.8617172241,
71255,3.2393548489,,-2.4241292477
71304,,,
71321,,-9.4942064285,
71322,-1.6938977242,,1.0606313944
71384,,,
71388,1.2964602709,-8.9040365219,-0.1017535701
71454,,-9.7503862381,
71455,0.8607155085,,1.5346833467
71464,,,
71521,0.3675099611,-10.4878005981,
71522,,,-0.8224082589
71544,,,
71588,3.0514099598,-10.5033626556,0.8176198602
71624,,,
71654,,-11.1665563583,
71655,2.9580361843,,-0.8894459605
71704,,,
71721,4.2161893845,-11.8991823196,
71722,,,-3.6128504276
71784,,,
71787,,-11.3078145981,
71788,-2.4540567398,,0.6440402865
71854,,-13.1537437439,
71855,-5.0026845932,,1.391031146
71864,,,
71921,4.910507679,-11.0384674072,
71922,,,-1.2198457718
71944,,,
71987,,-6.1339449883,
71988,-1.2964602709,,3.5458126068
72024,,,
72054,,-4.3754034042,
72055,-2.1631612778,,1.5442601442
72104,,,
72121,-1.7310078144,-5.2456960678,
72122,,,-0.5662286878
72184,,,
72188,1.9716250896,-13.0675525665,-10.7128553391
72254,,-8.7460184097,
72255,-1.6675615311,,-4.3682208061
72264,,,
72321,-5.5090579987,-9.6809549332,0.181959331
72344,,,
72388,-0.3998316824,-9.4415340424,4.3777976036
72424,,,
72454,,-9.200917244,
72455,3.0298621655,,7.333439827
72521,3.392583847,-11.4658317566,-0.9816226959
72524,,,
72588,-2.5163059235,-8.4778680801,0.8822633028
72604,,,
72654,,-9.7503862381,
72655,1.3239935637,,-0.3220201433
72684,,,
72721,2.0853497982,-9.4199867249,0.7422025204
72764,,,
72787,,-10.9055891037,
72788,0.0706289485,,-0.5291185975
72844,,,
72854,,-10.8146095276,
72855,1.2138602734,,0.6200982332
72921,2.2218191624,-10.5919485092,
72922,,,-0.6967126727
72924,,,
72988,4.8745946884,-11.2180318832,-3.1328129768
73004,,,
73054,,-11.7172231674,
73055,-1.1492167711,,-0.2011129409
73084,,,
73121,-3.4368765354,-13.6900453568,2.7305870056
73164,,,
73188,3.0274679661,-10.732008934,-1.9716250896
73244,,,
73254,0.3866635859,-7.3705501556,
73255,,,2.5929205418
73321,-2.3678655624,-4.8961424828,2.5594015121
73324,,,
73388,-1.4460978508,-4.8291049004,0.8523358107
73404,,,
73454,,-15.0786819458,
73455,0.8248024583,,-12.2247934341
73484,,,
73521,,-7.953537941,
73522,-0.8283938169,,-3.6080620289
73564,,,
73588,-9.0165634155,-19.6121025085,-3.043030262
73644,,,
73654,,-2.3439235687,
73655,-2.8838160038,,9.5456819534
73721,4.4460325241,-14.7339172363,
73722,,,6.1686606407
73724,,,
73787,,-8.9303722382,
73788,2.6228480339,,-2.3606829643
73824,,,
73854,,-8.9423437119,
73855,-1.6232687235,,0.9684545994
73904,,,
73921,1.3611036539,-9.3038673401,
73922,,,-0.717063427
73984,,,
73988,2.080561161,-10.0364933014,0.4118026793
74054,,-10.1286706924,
74055,0.1209071875,,-0.360327363
74064,,,
74121,2.3930046558,-11.4442844391,-0.3639186621
74144,,,
74188,3.5853171349,-12.0380458832,-1.1540051699
74224,,,
74254,,-12.7084226608,
74255,-0.5638344884,,-2.9652187824
74304,,,
74322,-3.6511576176,-14.3269033432,4.374206543
74384,,,
74388,-2.732981205,-11.4646348953,0.4764461517
74454,,-7.7236948013,
74455,0.9277531505,,0.6212953329
74464,,,
74521,-1.9907786846,-5.7400984764,
74522,,,3.5817258358
74544,,,
74588,-2.8048071861,-5.2109799385,0.8846575022
74624,,,
74654,,-8.3509759903,
74655,-1.5382746458,,-2.7497406006
74704,,,
74721,4.1922473907,-13.4781579971,
74722,,,-10.8732671738
74784,,,
74788,-1.6986861229,-4.006696701,-1.1528080702
74855,-4.9392380714,-21.2940292358,-2.9915549755
74864,,,
74921,,-2.1894974709,
74922,-2.4157495499,,3.8367083073
74944,,,
74988,6.2213330269,-13.4769611359,4.0246529579
75024,,,
75054,,-8.7124996185,
75055,-1.2401964664,,-1.1755530834
75121,-0.5351040959,-9.3565406799,
75122,,,3.3303346634
75124,,,
75188,1.8806453943,-9.2368297577,-0.9361328483
75204,,,
75255,0.6308721304,-10.0388879776,-0.5099649429
75284,,,
75321,,-10.7930612564,
75322,1.7381904125,,0.4381389022
75364,,,
75388,0.8343793154,-11.0276927948,0.2525882721
75444,,,
75454,,-11.7279968262,
75455,4.7632641792,,-1.0115501881
75521,1.6160861254,-11.5352640152,
75522,,,-3.1735143661
75524,,,
75588,-1.4233529568,-14.2119808197,5.0948610306
75604,,,
75654,,-12.6258230209,
75655,-5.0062756538,,0.9864110947
75684,,,
75721,1.0342950821,-8.7364416122,-1.766920805
75764,,,
75788,-0.4058171809,-5.013458252,4.4077253342
75844,,,
75854,,-5.0601453781,
75855,-2.8742392063,,1.4221558571
75921,-1.878251195,-9.0752220154,-3.2824504375
75924,,,
75988,4.8255133629,-15.4785137177,-11.488576889
76004,,,
76054,,-6.8629789352,
76055,-6.5637040138,,1.836352706
76084,,,
76121,-0.7829039693,-15.5024557114,
76122,,,-5.9555768967
76164,,,
76187,,-4.115632534,
76188,2.5773582458,,6.5038490295
76244,,,
76254,,-10.4423103333,
76255,3.0777463913,,0.8655039072
76321,,-11.1378259659,
76322,-1.5251064301,,-1.5167267323
76324,,,
76388,-2.3858220577,-7.7584104538,-0.1520318091
76424,,,
76454,,-10.2016935349,
76455,1.2006921768,,-0.0802057534
76504,,,
76521,,-9.3565406799,
76522,0.1580173075,,1.5574282408
76584,,,
76588,-0.5554547906,-11.2383823395,-0.5183446407
76654,,-12.0344552994,
76655,0.2346317619,,0.586579442
76664,,,
76721,4.5609540939,-11.8979854584,-3.4237084389
76744,,,
76788,0.5075707436,-11.6286373138,-0.4357447028
76824,,,
76854,,-12.6174430847,
76855,-2.9316999912,,4.1994299889
76904,,,
76921,-2.1835119724,-11.9279127121,
76922,,,0.107739076
76984,,,
76987,,-6.6917939186,
76988,-1.1755530834,,2.4540567398
77054,,-5.7365074158,
77055,-2.0530278683,,1.2928689718
77064,,,
77121,-3.2644939423,-6.6774287224,
77122,,,0.1867477298
77144,,,
77188,-2.1033062935,-10.6206789017,-7.4519529343
77224,,,
77255,1.6160861254,-12.8628482819,-5.2433018684
77304,,,
77321,-6.293159008,-10.4770269394,0.3806780577
77384,,,
77388,2.5462334156,-10.5093479156,-3.3494882584
77454,,-7.5046253204,
77455,0.2741360962,,6.635529995
77465,,,
77521,4.665102005,-11.5855417252,
77522,,,3.9516298771
77544,,,
77588,1.8387469053,-5.7736172676,0.2190694511
77644,,,
77654,,-6.1016230583,
77655,5.6491189003,,2.4756045341
77721,3.4476504326,-1.2401964664,0.538695395
77724,,,
77788,0.2585737705,-14.0192480087,4.0007109642
77804,,,
77854,,-13.866019249,
77855,6.1566896439,,0.5698199868
77884,,,
77921,5.5353941917,-11.2898578644,
77922,,,0.0586579405
77964,,,
77988,3.8307228088,-12.8520746231,-2.3499090672
78044,,,
78054,,-10.8577051163,
78055,2.1631612778,,1.9033904076
78121,-0.3770867586,-11.1881046295,
78122,,,-0.7924807668
78124,,,
78188,3.4620156288,-9.6378593445,-0.7924807668
78204,,,
78254,,-6.5996170044,
78255,0.0347159244,,1.9572598934
78284,,,
78321,,-5.1822495461,
78322,-0.1005564705,,0.586579442
78364,,,
78388,0.9696516991,-7.0150108337,-0.6787561774
78444,,,
78454,,-13.3009872437,
78455,11.4538612366,,-10.1693716049
78521,,-6.7444663048,
78522,-0.4501099288,,
78524,,,
78588,2.4947581291,-14.8009548187,-6.6067996025
78604,,,
78654,,-6.9192428589,
78655,-4.7405195236,,-1.0642226934
78684,,,
78721,7.3226656914,-8.2803468704,1.418564558
78764,,,
78788,1.8351556063,-9.5504703522,
78789,,,0.4297592044
78844,,,
78854,,-7.3430166245,
78855,1.5837644339,,-0.211886853
78921,4.341884613,-8.6801786423,1.303642869
78944,,,
78988,2.5091233253,-9.950302124,0.5147533417
79024,,,
79054,,-10.6793365479,
79055,1.8878279924,,0.9828197956
79104,,,
79121,,-10.8110179901,
79122,3.9707834721,,1.8495208025
79184,,,
79188,5.3342814445,-10.6685628891,0.9457096457
79254,,-11.798625946,
79255,5.7819972038,,-4.8602294922
79265,,,
79321,,-11.8189764023,
79322,1.0618284941,,2.6156654358
79344,,,
79388,-1.8590976,-13.1513500214,0.174776718
79424,,,
79454,,-9.950302124,
79455,6.4116721153,,-0.0430956297
79504,,,
79521,,-6.6271505356,
79522,-0.7038952708,,2.0290858746
79584,,,
79587,,-5.5174379349,
79588,0.2286462635,,1.0522516966
79654,,-6.0429649353,
79655,-0.653617084,,-1.173158884
79664,,,
79721,9.001001358,-13.7080020905,
79722,,,-10.8289747238
79744,,,
79788,1.3551181555,-9.1913404465,-3.12084198
79824,,,
79855,-3.5494039059,-16.0962181091,-2.1894974709
79904,,,
79921,,-6.351817131,
79922,-3.6966474056,,2.917334795
79984,,,
79988,6.3171010017,-9.5648355484,4.9476180077
80054,,-8.5413141251,
80055,2.1188685894,,-0.3842693865
80064,,,
80121,2.1320366859,-8.4730796814,0.0598550439
80144,,,
80188,2.3738510609,-8.7747488022,-0.4213795066
80244,,,
80254,,-9.1123313904,
80255,3.9947254658,,2.11647439
80321,,-9.7036991119,
80322,0.8906430602,,0.3699041605
80324,,,
80388,2.8622682095,-10.1825399399,2.5139117241
80404,,,
80454,,-11.2084550858,
80455,5.5186347961,,0.2274491638
80484,,,
80521,6.5098342896,-11.0863513947,
80522,,,-3.3985693455
80564,,,
80588,3.2537200451,-10.9019975662,0.174776718
80644,,,
80654,,-13.0867061615,
80655,0.1113303825,,2.7269957066
80721,-0.1340752989,-10.3513307571,
80722,,,0.4058171809
80724,,,
80788,2.1942858696,-7.6446862221,1.0821791887
80804,,,
80854,,-6.331466198,
80855,-0.6117185354,,1.8830395937
80884,,,
80921,-1.6053122282,-5.9196639061,0.087388359
80964,,,
80987,,-9.801861763,
80988,4.3981485367,,-6.0070519447
81043,,,
81054,7.9631147385,-12.2367649078,-7.9882540703
81120,,-5.5449709892,
81121,-0.5554547906,,-1.1815385818
81123,,,
81187,0.9636662006,-16.439786911,-5.6407394409
81203,,,
81254,-2.0685901642,-7.501033783,3.2417490482
81284,,,
81321,,-9.3014736176,
81322,4.7477021217,,4.6112322807
81364,,,
81387,,-8.2468280792,
81388,0.9241618514,,3.5625722408
81443,,,
81454,0.9062053561,-8.361749649,0.6631938815
81521,1.8459295034,-11.650185585,-2.2637176514
81544,,,
81588,0.9229647517,-8.8250274658,1.3754688501
81624,,,
81654,,-9.7240505219,
81655,0.3531447649,,1.0354921818
81704,,,
81721,,-10.1885251999,
81722,0.4704606235,,1.5418659449
81784,,,
81788,-0.137666598,-10.9857940674,0.7015010715
81854,,-11.3556985855,
81855,5.323507309,,-1.3718775511
81864,,,
81921,0.2777273953,-12.8089790344,
81922,,,-2.6886885166
81944,,,
81988,-0.6979097724,-11.7303915024,5.1092262268
82024,,,
82054,,-10.5129394531,
82055,-2.3475148678,,1.4520833492
82104,,,
82121,2.7473464012,-10.435128212,-0.4118026793
82184,,,
82187,,-7.2101383209,
82188,-0.3627215624,,1.5741876364
82254,,-5.9364233017,
82255,-2.0254945755,,0.7685387731
82264,,,
82321,-0.9361328483,-6.0573301315,
82322,,,-0.2334346622
82344,,,
82388,5.5150437355,-12.4271039963,-8.5473003387
82424,,,
82454,,-9.950302124,
82455,3.7277719975,,-3.9851486683
82504,,,
82521,,-15.4677400589,
82522,-6.1219735146,,-2.8215668201
82584,,,
82588,-7.6291236877,-7.8912887573,0.7338228226
82654,3.5242648125,-9.5672302246,
82655,,,3.5673606396
82664,,,
82721,,-9.4535055161,
82722,0.7242460251,,-0.8104372621
82764,,,
82788,0.7314286232,-9.4283666611,-0.5985504389
82844,,,
82854,,-8.9734678268,
82855,0.5698199868,,1.027112484
82921,1.4425065517,-9.2332391739,
82922,,,2.2972364426
82924,,,
82988,-1.2366051674,-9.5995521545,0.326808542
83004,,,
83055,-1.0510545969,-9.8186216354,0.9648633003
83084,,,
83121,,-10.1466264725,
83122,0.1628057212,,1.122880578
83164,,,
83188,0.7685387731,-10.7631340027,0.513556242
83244,,,
83254,,-11.6094837189,
83255,5.2361192703,,-0.475249052
83321,,-12.0153017044,
83322,1.2413935661,,-2.9580361843
83324,,,
83388,0.0071826051,-12.1649389267,3.6068649292
83404,,,
83454,,-11.2790842056,
83455,-2.4756045341,,2.3630771637
83484,,,
83521,3.3554737568,-10.4123830795,1.1312602758
83564,,,
83587,,-6.9240312576,
83588,-0.6033388376,,1.5789760351
83644,,,
83654,,-6.0716953278,
83655,-2.219424963,,1.0606313944
83721,,-6.8270659447,
83722,-1.2737152576,,-0.4537012279
83724,,,
83788,6.681019783,-11.6896896362,-6.1375360489
83804,,,
83854,,-9.6582098007,
83855,2.5582044125,,-4.6315832138
83884,,,
83921,-4.5118732452,-14.7015953064,
83922,,,-4.0078935623
83964,,,
83988,-7.2412629128,-9.3589344025,1.9692308903
84054,,-10.1454296112,
84055,4.5633482933,,5.0206408501
84064,,,
84121,,-10.7487688065,
84122,-1.4449007511,,-0.2549824715
84144,,,
84188,0.2310404629,-10.862493515,1.6699557304
84224,,,
84255,1.6124948263,-10.8493251801,0.5949591398
84304,,,
84321,,-10.7104616165,
84322,5.9424085617,,0.5554547906
84384,,,
84388,1.5191209316,-9.5480766296,1.173158884
84454,,-5.9064955711,
84455,2.0207061768,,1.9081788063
84464,,,
84521,1.0785878897,-10.2687311172,3.3482911587
84544,,,
84588,1.5047557354,-15.9250326157,2.280477047
84624,,,
84654,,-15.6161804199,
84655,-0.0921767652,,5.2480902672
84704,,,
84721,,-2.6420016289,
84722,-0.4201824069,,3.1783027649
84784,,,
84787,,-4.3227310181,
84788,-4.8781857491,,15.1157922745
84854,,2.1320366859,
84855,3.5553896427,,4.4484267235
84865,,,
84921,,-0.1544260085,
84922,0.4429273009,,4.3969511986
84944,,,
84987,-5.3977279663,-2.8574798107,-3.1794998646
85023,,,
85054,-0.6548141837,-5.1200003624,16.1596641541
85104,,,
85124,2.1320366859,-6.4332199097,10.8241863251
85183,,,
85187,,-7.7871408463,
85188,7.8589673042,,10.4111862183
85254,6.4380083084,-4.0198645592,8.665813446
85263,,,
85321,5.4240641594,4.910507679,13.4613990784
85363,,,
85387,-2.8862102032,1.479616642,5.9615621567
85443,,,
85454,-4.8985366821,5.260061264,3.2872388363
85521,1.2557587624,0.3579331636,15.9645366669
85523,,,
85603,,,
85625,-1.3084312677,-0.4548983276,7.9762830734
85654,-0.6643909812,0.4189853072,9.8700962067
85683,,,
85721,0.6907271743,1.234210968,8.8369989395
85763,,,
85787,1.3359645605,3.2405519485,7.2568254471
85843,,,
85854,1.007958889,3.9851486683,8.7687635422
85921,-1.4030021429,5.4958901405,7.5106105804
85923,,,
85987,-0.8463503122,5.8191070557,9.033323288
86003,,,
86054,0.787692368,4.2114009857,8.9938182831
86084,,,
86120,,4.7656583786,
86121,-0.2477998734,,8.8441810608
86163,,,
86187,0.5949591398,4.9643774033,7.6171526909
86243,,,
86254,-0.2681505978,4.3406877518,8.8872766495
86321,0.1388636976,5.1140146255,8.6861639023
86323,,,
86388,-0.3471592367,4.252102375,9.0824041367
86404,,,
86454,-1.502361536,3.5362358093,8.6717987061
86484,,,
86521,-2.1296424866,3.3351230621,9.2619695663
86564,,,
86587,-0.349553436,4.562151432,
86588,,,7.4938511848
86654,-0.1963245422,4.3454761505,8.3904800415
86664,,,
86721,-0.2873041928,3.7960066795,8.9219923019
86744,,,
86787,-0.0790086538,3.8163576126,8.450334549
86824,,,
86854,-0.2501940727,3.8127663136,8.56046772
86904,,,
86920,,4.0043025017,
86921,-0.3483563364,,8.8800945282
86984,,,
86987,-0.1233013868,4.5082817078,8.1594390869
87054,-0.6619967818,4.4831428528,8.5891990662
87064,,,
87121,-0.5267243981,3.8893806934,8.9638910294
87144,,,
87187,-0.3028665185,4.3466730118,9.033323288
87223,,,
87254,-0.349553436,3.9839515686,
87304,,,
87321,-0.4548983276,4.4759602547,8.2803468704
87384,,,
87387,,4.541800499,
87388,-0.3818751574,,8.225279808
87456,-0.1580173075,3.9085342884,8.9471321106
87463,,,
87521,0.0634463429,4.0629601479,9.5289230347
87543,,,
87587,0.2250549644,4.3478703499,8.8322105408
87624,,,
87654,-0.0275333188,3.6918590069,9.2116909027
87704,,,
87721,-0.4596867263,4.4340615273,8.070854187
87783,,,
87787,-0.412999779,3.676296711,9.1805667877
87854,-0.312443316,3.948038578,8.9519205093
87883,,,
87921,-0.181959331,4.1407718658,8.2264766693
87963,,,
87987,,4.2640733719,
87988,-0.3303998411,,9.0297317505
88043,,,
88069,-0.0323217213,4.2473139763,9.0273370743
88123,,4.2760443687,
88124,-0.1927332431,,8.7400331497
88206,,,
88251,0.5003881454,4.67827034,8.9974098206
88283,,,
88360,,4.4412441254,
88361,0.1508347094,4.5202527046,9.447520256
88364,,,
88387,-0.6141127348,4.541800499,8.0325469971
88443,,,
88493,-0.7996633649,4.1024646759,8.9279785156
88523,,,
88546,-0.9205705523,4.7141833305,7.7452425957
88604,,,
88609,-1.1180921793,4.4304704666,8.852560997
88684,,,
88695,-0.6404489279,4.9344496727,8.0397291183
88721,-0.6045359373,4.4268789291,9.2272529602
88763,,,
88801,-0.4022258818,4.7141833305,7.9104423523
88843,,,
88857,-0.5123591423,4.535815239,8.1929578781
88924,,,
88948,-0.6524199843,4.7201685905,7.928399086
88996,-0.4070142806,4.9188876152,8.0756425858
89003,,,
89059,-0.2813186944,4.7261543274,8.8788967133
89084,,,
89136,-0.8750807047,4.1838674545,8.5269489288
89184,,,
89208,-0.5566518903,4.503493309,8.7017259598
89263,,,
89271,-0.7781155705,5.363011837,7.6315178871
89341,-0.5518634915,4.8470611572,8.7496099472
89344,,,
89411,,4.7070007324,
89412,-0.7673416734,,8.7855234146
89423,,,
89467,-0.08379706,4.8015713692,8.5245552063
89503,,,
89554,-0.7888894677,4.2784385681,7.9439611435
89583,,,
89610,-0.5267243981,4.9835309982,7.2161240578
89664,,,
89691,-0.8104372621,4.6639051437,8.2264766693
89725,-0.0263362192,4.2078094482,10.0137481689
89743,,,
89792,-0.7936778665,4.8566379547,
89793,,,7.9798741341
89823,,,
89866,-1.7405846119,4.6124296188,6.9623384476
89904,,,
89941,,5.4755392075,
89942,-0.8882488012,,8.2540102005
89984,,,
89988,-0.9085995555,5.4192757607,8.2157030106
90064,,,
90066,-1.1240776777,5.5377883911,8.3390045166
90141,,5.2875943184,
90142,-1.4891934395,,7.7344684601
90144,,,
90194,,5.2301335335,
90195,-1.4269442558,,7.6267294884
90224,,,
90271,-1.8076223135,5.2504844666,7.4938511848
90304,,,
90337,-1.7106571198,5.2816090584,8.2959089279
90384,,,
90404,-2.2086510658,5.5964465141,5.2840032578
90465,-1.2461819649,5.3282957077,8.8753061295
