timestamp,AccX,AccY,AccZ
1510681300925,-0.1340000033378601,2.180999994277954,10.10099983215332
1510681300987,,,10.10200023651123
1510681300988,-0.375,2.322000026702881,
1510681301028,-0.1589999943971634,2.2300000190734863,9.800999641418457
1510681301090,0.15600000321865082,1.5759999752044678,10.069000244140625
1510681301147,0.34599998593330383,1.3739999532699585,9.746000289916992
1510681301210,0.8389999866485596,1.4320000410079956,9.503000259399414
1510681301268,1.1119999885559082,1.4570000171661377,9.685999870300293
1510681301327,0.6600000262260437,1.8320000171661377,9.656999588012695
1510681301387,0.4959999918937683,1.8040000200271606,9.402000427246094
1510681301446,-0.20399999618530273,1.3880000114440918,10.038000106811523
1510681301507,0.6690000295639038,1.1030000448226929,10.859000205993652
1510681301566,0.8809999823570251,,11.621000289916992
1510681301567,,1.8880000114440918,
1510681301627,1.7699999809265137,1.3910000324249268,11.392000198364258
1510681301686,2.0850000381469727,1.996000051498413,10.182000160217285
1510681301748,2.0510001182556152,2.117000102996826,11.482000350952148
1510681301808,1.628000020980835,3.384000062942505,11.614999771118164
1510681301867,0.5350000262260437,4.5970001220703125,9.723999977111816
1510681301927,0.7269999980926514,5.178999900817871,8.234999656677246
1510681301990,-0.00800000037997961,5.633999824523926,4.315999984741211
1510681302046,,,3.496000051498413
1510681302047,1.0880000591278076,5.732999801635742,
1510681302113,3.068000078201294,5.36299991607666,4.177999973297119
1510681302171,4.577000141143799,4.34499979019165,7.666999816894531
1510681302237,5.260000228881836,4.363999843597412,7.515999794006348
1510681302286,,,8.02299976348877
1510681302287,4.2179999351501465,4.216000080108643,
1510681302347,5.181000232696533,4.502999782562256,7.867000102996826
1510681302407,4.885000228881836,4.498000144958496,7.354000091552734
1510681302467,5.0229997634887695,4.7729997634887695,7.980000019073486
1510681302526,,,7.757999897003174
1510681302527,4.980999946594238,4.794000148773193,
1510681302587,5.004000186920166,4.813000202178955,6.890999794006348
1510681302647,,,6.664999961853027
1510681302648,4.830999851226807,5.052999973297119,
1510681302709,5.2220001220703125,5.826000213623047,7.34499979019165
1510681302769,4.783999919891357,6.304999828338623,7.455999851226807
1510681302827,2.61299991607666,6.468999862670898,7.446000099182129
1510681302890,0.5120000243186951,6.910999774932861,6.690999984741211
1510681302947,-1.3480000495910645,6.688000202178955,7.366000175476074
1510681303006,,,8.866000175476074
1510681303007,0.7639999985694885,7.119999885559082,
1510681303069,0.1379999965429306,6.382999897003174,8.65999984741211
1510681303127,-0.16899999976158142,5.591000080108643,7.651000022888184
1510681303187,-0.03999999910593033,5.447000026702881,7.011000156402588
1510681303247,0.8140000104904175,6.436999797821045,7.550000190734863
1510681303312,0.5860000252723694,6.182000160217285,7.886000156402588
1510681303371,0.9890000224113464,5.954999923706055,10.381999969482422
1510681303442,0.7319999933242798,5.486999988555908,8.774999618530273
1510681303487,-0.890999972820282,6.466000080108643,2.503000020980835
1510681303551,0.5720000267028809,7.735000133514404,8.682999610900879
1510681303606,-0.3540000021457672,7.7230000495910645,5.622000217437744
1510681303668,-0.7400000095367432,8.138999938964844,7.973999977111816
1510681303727,-1.121000051498413,7.210000038146973,7.89300012588501
1510681303786,-0.37700000405311584,,7.800000190734863
1510681303787,,6.574999809265137,
1510681303846,-0.6169999837875366,5.992000102996826,8.324000358581543
1510681303907,-1.9259999990463257,5.701000213623047,7.7870001792907715
1510681303967,-2.2769999504089355,5.138999938964844,7.7129998207092285
1510681304027,-2.4140000343322754,5.25600004196167,7.1570000648498535
1510681304087,-3.450000047683716,5.327000141143799,7.139999866485596
1510681304147,-3.693000078201294,4.656000137329102,5.732999801635742
1510681304207,-1.7719999551773071,4.771999835968018,8.333000183105469
1510681304266,-2.01200008392334,,9.635000228881836
1510681304267,,4.538000106811523,
1510681304327,-2.440000057220459,4.769999980926514,8.164999961853027
1510681304387,-3.3259999752044678,4.823999881744385,9.0
1510681304451,-1.3819999694824219,5.039000034332275,10.770999908447266
1510681304507,-1.7079999446868896,3.3340001106262207,11.119000434875488
1510681304566,,,8.347000122070313
1510681304567,-2.4179999828338623,2.809000015258789,
1510681304626,,,8.449000358581543
1510681304627,-1.6410000324249268,3.2249999046325684,
1510681304687,-0.6150000095367432,3.677999973297119,8.038000106811523
1510681304748,-0.15800000727176666,2.809999942779541,9.493000030517578
1510681304806,0.004000000189989805,2.5239999294281006,9.87399959564209
1510681304866,,,7.946000099182129
1510681304867,-0.4659999907016754,3.312000036239624,
1510681304926,-0.5299999713897705,,8.54800033569336
1510681304927,,3.8239998817443848,
1510681304987,,,9.4399995803833
1510681304988,-0.4519999921321869,3.865999937057495,
1510681305046,-0.30300000309944153,,11.140000343322754
1510681305047,,2.615999937057495,
1510681305109,-0.2980000078678131,2.561000108718872,9.229000091552734
1510681305175,0.09000000357627869,2.0850000381469727,9.418999671936035
1510681305228,-0.7570000290870667,0.47999998927116394,10.467000007629395
1510681305287,-1.9110000133514404,0.2919999957084656,10.211000442504883
1510681305347,0.16599999368190765,1.9780000448226929,10.064000129699707
1510681305406,,,9.91100025177002
1510681305407,-1.7580000162124634,0.7570000290870667,
1510681305466,,,9.781000137329102
1510681305467,-2.0999999046325684,1.1480000019073486,
1510681305531,-0.9729999899864197,2.0769999027252197,9.692000389099121
1510681305590,-0.878000020980835,2.2750000953674316,9.272000312805176
1510681305647,-0.6880000233650208,2.3510000705718994,9.522000312805176
1510681305706,,,8.399999618530273
1510681305707,-0.9520000219345093,2.7100000381469727,
1510681305784,-2.191999912261963,1.9479999542236328,10.501999855041504
1510681305828,-3.5889999866485596,1.2300000190734863,10.508999824523926
1510681305888,-1.7089999914169312,1.062999963760376,12.236000061035156
1510681305947,-2.9570000171661377,-1.246000051498413,12.880000114440918
1510681306011,-2.694000005722046,-0.39100000262260437,7.872000217437744
1510681306068,-1.0140000581741333,2.059999942779541,7.5980000495910645
1510681306133,-2.013000011444092,1.3489999771118164,8.817999839782715
1510681306188,-2.1410000324249268,1.1890000104904175,9.668000221252441
1510681306247,-2.1019999980926514,1.718000054359436,8.395000457763672
1510681306307,-2.0510001182556152,2.311000108718872,8.732999801635742
1510681306367,-2.2200000286102295,2.3610000610351563,9.644000053405762
1510681306429,-2.8340001106262207,1.590000033378601,10.770000457763672
1510681306486,,,9.321000099182129
1510681306487,-2.934999942779541,1.190999984741211,
1510681306549,-2.24399995803833,0.36899998784065247,13.819000244140625
1510681306607,-2.5160000324249268,-0.4449999928474426,11.529000282287598
1510681306674,-1.8639999628067017,,8.1899995803833
1510681306675,,0.5270000100135803,
1510681306727,,,6.956999778747559
1510681306729,-0.28999999165534973,2.188999891281128,
1510681306798,-2.062000036239624,1.4630000591278076,7.670000076293945
1510681306849,-3.1410000324249268,1.319000005722046,7.571000099182129
1510681306907,-2.0950000286102295,2.190000057220459,8.614999771118164
1510681306971,-1.8049999475479126,2.3459999561309814,9.637999534606934
1510681307026,-2.5980000495910645,2.180000066757202,9.475000381469727
1510681307087,-3.322999954223633,1.347000002861023,9.38599967956543
1510681307146,,,10.866999626159668
1510681307147,-0.9049999713897705,2.4820001125335693,
1510681307207,-1.4290000200271606,0.9620000123977661,13.097999572753906
1510681307266,,,11.602999687194824
1510681307267,-5.855000019073486,-1.7979999780654907,
1510681307340,-2.8970000743865967,0.8560000061988831,8.262999534606934
1510681307401,-3.194999933242798,1.1549999713897705,6.835000038146973
1510681307447,-3.0160000324249268,0.24500000476837158,10.145000457763672
1510681307511,-2.6080000400543213,0.1940000057220459,9.513999938964844
1510681307573,,,7.714000225067139
1510681307574,-2.385999917984009,0.35899999737739563,
1510681307630,-2.552000045776367,0.9259999990463257,6.651000022888184
1510681307687,-2.9820001125335693,0.6600000262260437,9.170999526977539
1510681307749,-2.8299999237060547,-0.6269999742507935,10.128999710083008
1510681307807,-2.9040000438690186,-0.8930000066757202,12.644000053405762
1510681307878,-2.0880000591278076,-0.8140000104904175,14.027999877929688
1510681307936,-2.006999969482422,-1.1549999713897705,11.444999694824219
1510681307992,-0.3059999942779541,-0.22300000488758087,8.111000061035156
1510681308059,0.19099999964237213,1.090999960899353,7.631999969482422
1510681308114,-1.503999948501587,0.4449999928474426,8.531999588012695
1510681308183,-2.0510001182556152,1.0160000324249268,8.821999549865723
1510681308234,-1.1490000486373901,1.9259999990463257,9.420000076293945
1510681308287,,,9.64900016784668
1510681308288,-1.621000051498413,1.9170000553131104,
1510681308356,-2.8429999351501465,0.8759999871253967,10.75
1510681308418,-3.2109999656677246,0.5270000100135803,11.621000289916992
1510681308474,-2.1459999084472656,0.2630000114440918,13.04699993133545
1510681308545,-2.9210000038146973,-1.3220000267028809,11.50100040435791
1510681308598,-2.6649999618530273,-0.26100000739097595,7.866000175476074
1510681308662,-1.1059999465942383,1.6419999599456787,7.870999813079834
1510681308721,-1.7100000381469727,1.1660000085830688,8.678000450134277
1510681308767,-1.690000057220459,0.7250000238418579,9.868000030517578
1510681308826,,,8.342000007629395
1510681308827,-1.1740000247955322,1.5679999589920044,
1510681308901,-1.5080000162124634,1.9889999628067017,8.562000274658203
1510681308958,-2.11899995803833,1.715999960899353,9.484000205993652
1510681309017,-2.1110000610351563,1.3370000123977661,10.02400016784668
1510681309067,-1.2400000095367432,0.9850000143051147,9.807999610900879
1510681309126,-2.0290000438690186,,13.777000427246094
1510681309128,,-0.0989999994635582,
1510681309199,-2.6730000972747803,-0.9549999833106995,12.22700023651123
1510681309256,-1.6729999780654907,-0.22599999606609344,8.640999794006348
1510681309306,,,7.795000076293945
1510681309307,0.6470000147819519,1.843999981880188,
1510681309367,-1.3910000324249268,0.9089999794960022,8.692000389099121
1510681309430,-1.8250000476837158,0.9240000247955322,9.229000091552734
1510681309492,-0.527999997138977,2.1389999389648438,9.015999794006348
1510681309553,-0.4359999895095825,2.3350000381469727,9.333999633789063
1510681309623,-1.1829999685287476,2.312999963760376,9.25
1510681309673,-1.1629999876022339,2.2360000610351563,10.12600040435791
1510681309728,-0.4399999976158142,2.056999921798706,10.918999671936035
1510681309799,0.18400000035762787,0.4350000023841858,15.767000198364258
1510681309848,-1.753000020980835,-1.562999963760376,15.074000358581543
1510681309906,-0.7570000290870667,0.026000000536441803,8.26200008392334
1510681309978,0.35899999737739563,2.9089999198913574,5.520999908447266
1510681310035,0.49300000071525574,2.6760001182556152,7.185999870300293
1510681310094,-0.10400000214576721,2.3519999980926514,7.965000152587891
1510681310163,-0.24400000274181366,2.3499999046325684,8.076000213623047
1510681310222,,,7.644000053405762
1510681310223,-0.6850000023841858,2.505000114440918,
1510681310275,-0.878000020980835,3.0360000133514404,8.699000358581543
1510681310332,-0.9210000038146973,2.4170000553131104,10.333999633789063
1510681310401,,,11.732999801635742
1510681310402,-1.0579999685287476,1.3730000257492065,
1510681310449,-1.3450000286102295,0.16200000047683716,12.567999839782715
1510681310506,,,13.085000038146973
1510681310507,-2.180999994277954,-0.6320000290870667,
1510681310567,-1.1920000314712524,0.34200000762939453,8.501999855041504
1510681310627,0.7710000276565552,,7.797999858856201
1510681310628,,2.065000057220459,
1510681310686,-0.47699999809265137,,9.237000465393066
1510681310687,,1.6169999837875366,
1510681310753,-0.6899999976158142,1.5889999866485596,9.71399974822998
1510681310812,-0.36000001430511475,2.0439999103546143,9.01200008392334
1510681310870,-0.23100000619888306,,8.673999786376953
1510681310933,-0.7540000081062317,2.446000099182129,8.392999649047852
1510681310991,-0.7799999713897705,2.125999927520752,11.383000373840332
1510681311052,-0.30000001192092896,1.8380000591278076,11.125
1510681311116,-0.8360000252723694,0.35600000619888306,14.041999816894531
1510681311176,-2.1410000324249268,-0.9399999976158142,11.76099967956543
1510681311231,-0.8859999775886536,0.746999979019165,7.35699987411499
1510681311303,-0.4449999928474426,1.562000036239624,8.17199993133545
1510681311359,-0.6819999814033508,1.9179999828338623,9.40999984741211
1510681311414,-0.5149999856948853,1.9830000400543213,9.739999771118164
1510681311467,-0.9200000166893005,2.072000026702881,9.470000267028809
1510681311539,-0.9459999799728394,2.2750000953674316,8.548999786376953
1510681311602,-1.1150000095367432,2.2820000648498535,8.25
1510681311649,,,10.133000373840332
1510681311650,-0.3449999988079071,2.234999895095825,
1510681311706,-0.6539999842643738,1.5479999780654907,10.281999588012695
1510681311782,0.09799999743700027,2.075000047683716,13.597999572753906
1510681311844,-1.3279999494552612,0.4230000078678131,11.355999946594238
1510681311898,,,7.968999862670898
1510681311899,-1.1579999923706055,0.7620000243186951,7.968999862670898
1510681311959,1.5290000438690186,3.0230000019073486,6.964000225067139
1510681312021,0.4009999930858612,2.687999963760376,9.23799991607666
1510681312085,-1.8370000123977661,1.315000057220459,9.45199966430664
1510681312140,-0.9279999732971191,2.1670000553131104,8.973999977111816
1510681312197,0.30799999833106995,3.296999931335449,9.197999954223633
1510681312264,-0.33500000834465027,3.2309999465942383,9.088000297546387
1510681312320,-1.3830000162124634,2.4210000038146973,10.241999626159668
1510681312393,-1.8839999437332153,1.7350000143051147,10.467000007629395
1510681312451,-0.07699999958276749,1.5069999694824219,11.880999565124512
1510681312512,-2.117000102996826,-0.47999998927116394,12.704000473022461
1510681312569,-2.6610000133514404,-0.972000002861023,9.836000442504883
1510681312644,-0.5879999995231628,1.7050000429153442,7.125999927520752
1510681312698,0.4300000071525574,2.378999948501587,9.437000274658203
1510681312748,-0.41100001335144043,1.5529999732971191,10.027000427246094
1510681312825,-0.2070000022649765,2.069000005722046,9.031999588012695
1510681312867,,,7.74399995803833
1510681312868,-0.6819999814033508,2.3310000896453857,
1510681312928,-0.9309999942779541,2.671999931335449,8.677000045776367
1510681313007,-1.3890000581741333,2.2980000972747803,10.057000160217285
1510681313060,-0.8199999928474426,1.5080000162124634,11.23900032043457
1510681313112,-1.3580000400543213,0.6029999852180481,13.800000190734863
1510681313174,-1.9780000448226929,-0.06499999761581421,11.930999755859375
1510681313232,-0.1679999977350235,1.4980000257492065,7.178999900817871
1510681313289,0.5759999752044678,2.390000104904175,8.336999893188477
1510681313356,-1.5190000534057617,1.3179999589920044,9.057000160217285
1510681313419,-0.9890000224113464,1.9220000505447388,9.109999656677246
1510681313467,0.039000000804662704,2.4649999141693115,9.40999984741211
1510681313527,0.09399999678134918,2.743000030517578,9.130000114440918
1510681313593,-0.6119999885559082,2.6429998874664307,9.567999839782715
1510681313663,-0.9490000009536743,2.615000009536743,9.220999717712402
1510681313709,-1.4809999465942383,2.4110000133514404,10.418000221252441
1510681313773,-0.984000027179718,2.434000015258789,10.083000183105469
1510681313830,-0.42100000381469727,1.625,14.696000099182129
1510681313887,,,10.432000160217285
1510681313888,-2.1080000400543213,-0.5040000081062317,
1510681313958,-0.8330000042915344,1.36899995803833,7.11299991607666
1510681314007,0.3619999885559082,2.5810000896453857,8.5649995803833
1510681314077,-0.8069999814033508,1.809999942779541,10.105999946594238
1510681314135,-0.3199999928474426,,9.723999977111816
1510681314136,,2.125999927520752,
1510681314195,,,8.147000312805176
1510681314196,0.004999999888241291,2.3450000286102295,
1510681314275,-0.4000000059604645,2.8489999771118164,8.352999687194824
1510681314322,-0.609000027179718,2.6549999713897705,9.45300006866455
1510681314368,-0.2160000056028366,2.434000015258789,9.095999717712402
1510681314437,-0.0860000029206276,2.246999979019165,12.369999885559082
1510681314491,-0.5410000085830688,0.796999990940094,12.109000205993652
1510681314551,0.028999999165534973,0.765999972820282,12.744000434875488
1510681314622,0.49000000953674316,1.5290000438690186,8.343999862670898
1510681314670,0.4690000116825104,2.4140000343322754,7.966000080108643
1510681314726,-1.6440000534057617,2.11899995803833,8.508000373840332
1510681314788,,,9.571999549865723
1510681314789,-1.434000015258789,2.321000099182129,
1510681314849,-0.6050000190734863,2.575000047683716,9.23799991607666
1510681314919,-0.5690000057220459,,8.270999908447266
1510681314920,,3.2899999618530273,
1510681314971,-1.3869999647140503,3.6510000228881836,8.156000137329102
1510681315044,,,9.227999687194824
1510681315045,-1.3489999771118164,3.325000047683716,
1510681315104,-0.7239999771118164,3.499000072479248,10.345000267028809
1510681315170,0.15299999713897705,2.8359999656677246,11.722000122070313
1510681315220,-1.024999976158142,0.6299999952316284,12.762999534606934
1510681315273,-1.8289999961853027,0.34299999475479126,10.399999618530273
1510681315349,,,6.934999942779541
1510681315350,-0.6499999761581421,2.2049999237060547,
1510681315411,0.13500000536441803,2.371999979019165,10.020000457763672
1510681315452,-1.062999963760376,1.50600004196167,11.972999572753906
1510681315521,-1.0729999542236328,1.850000023841858,8.272000312805176
1510681315569,-0.47699999809265137,2.808000087738037,5.535999774932861
1510681315626,-1.4110000133514404,3.11299991607666,7.442999839782715
1510681315702,-1.6799999475479126,3.6389999389648438,9.586000442504883
1510681315747,-1.496999979019165,3.2190001010894775,11.845999717712402
1510681315808,-1.0149999856948853,2.7219998836517334,11.489999771118164
1510681315867,-0.335999995470047,2.6050000190734863,12.388999938964844
1510681315935,,,12.184000015258789
1510681315936,-0.9779999852180481,1.0520000457763672,
1510681315987,-1.9479999542236328,0.33399999141693115,9.340999603271484
1510681316063,-0.03400000184774399,1.8980000019073486,7.415999889373779
1510681316110,-0.09300000220537186,2.321000099182129,7.7170000076293945
1510681316178,-1.7699999809265137,2.3410000801086426,8.791999816894531
1510681316228,,,9.60200023651123
1510681316229,-1.2589999437332153,2.359999895095825,
1510681316288,-0.8799999952316284,2.4000000953674316,9.711000442504883
1510681316359,-0.27900001406669617,,9.352999687194824
1510681316360,,2.9260001182556152,
1510681316427,-1.0839999914169312,2.8329999446868896,9.418999671936035
1510681316489,-1.5770000219345093,2.486999988555908,9.951000213623047
1510681316542,-2.0999999046325684,2.427999973297119,9.093000411987305
1510681316606,-0.3140000104904175,2.565000057220459,11.145999908447266
1510681316657,-0.4480000138282776,1.090999960899353,14.0600004196167
1510681316725,,,9.494999885559082
1510681316726,-1.5470000505447388,0.382999986410141,
1510681316776,0.5329999923706055,2.4100000858306885,6.811999797821045
1510681316836,,,7.868000030517578
1510681316837,0.41600000858306885,2.6070001125335693,
1510681316888,-0.7910000085830688,2.38700008392334,9.54800033569336
1510681316948,-1.9930000305175781,2.3299999237060547,9.774999618530273
1510681317020,-2.134999990463257,2.700000047683716,8.95199966430664
1510681317070,-2.1440000534057617,3.489000082015991,8.744999885559082
1510681317133,-1.86899995803833,3.947000026702881,8.847999572753906
1510681317190,-1.8009999990463257,3.058000087738037,10.36400032043457
1510681317262,-1.2079999446868896,3.3369998931884766,11.583999633789063
1510681317313,-0.42100000381469727,2.069999933242798,12.013999938964844
1510681317368,-1.090999960899353,1.2790000438690186,11.57800006866455
1510681317444,0.3529999852180481,2.3980000019073486,8.732000350952148
1510681317501,0.5040000081062317,3.1040000915527344,8.467000007629395
1510681317550,0.26899999380111694,2.5880000591278076,7.9019999504089355
1510681317611,0.3149999976158142,3.368000030517578,7.923999786376953
1510681317675,0.2930000126361847,3.8970000743865967,8.067999839782715
1510681317728,0.7979999780654907,4.339000225067139,8.76200008392334
1510681317795,-0.07000000029802322,4.4029998779296875,8.78600025177002
1510681317849,0.22300000488758087,4.578999996185303,9.795000076293945
1510681317924,-0.38999998569488525,4.796000003814697,9.279999732971191
1510681317985,0.3959999978542328,4.730999946594238,9.062000274658203
1510681318027,0.1340000033378601,2.4119999408721924,12.491000175476074
1510681318093,-1.8200000524520874,1.5360000133514404,10.317000389099121
1510681318147,-0.6200000047683716,3.2839999198913574,7.013999938964844
1510681318225,0.19699999690055847,3.361999988555908,8.986000061035156
1510681318274,0.03099999949336052,2.5260000228881836,10.666999816894531
1510681318331,-0.3160000145435333,2.5840001106262207,8.206000328063965
1510681318387,-0.5270000100135803,3.265000104904175,7.554999828338623
1510681318447,-0.5329999923706055,3.937999963760376,8.411999702453613
1510681318512,-0.33899998664855957,4.333000183105469,9.637999534606934
1510681318573,-0.6019999980926514,3.8289999961853027,11.496000289916992
1510681318627,-0.8579999804496765,3.746999979019165,10.204999923706055
1510681318691,0.06400000303983688,3.0339999198913574,12.847000122070313
1510681318759,-1.3739999532699585,0.9959999918937683,12.109999656677246
1510681318807,-1.0130000114440918,,7.848999977111816
1510681318808,,1.5609999895095825,
1510681318867,1.128999948501587,3.749000072479248,6.715000152587891
1510681318931,-0.3490000069141388,3.0230000019073486,8.902999877929688
1510681319008,-1.4190000295639038,2.446000099182129,9.541000366210938
1510681319059,-1.6069999933242798,2.5829999446868896,8.904000282287598
1510681319111,-0.7289999723434448,3.427000045776367,8.720999717712402
1510681319187,-0.5920000076293945,3.7009999752044678,9.28600025177002
1510681319254,-1.7079999446868896,2.9119999408721924,9.331999778747559
1510681319304,-1.0720000267028809,2.440000057220459,8.83899974822998
1510681319347,0.4320000112056732,1.9329999685287476,8.208000183105469
1510681319407,2.3269999027252197,,13.944999694824219
1510681319418,,1.5679999589920044,
1510681319470,,,11.633999824523926
1510681319471,-1.621999979019165,0.38999998569488525,
1510681319538,-1.9509999752044678,2.265000104904175,8.208000183105469
1510681319606,,,9.593000411987305
1510681319607,-0.28299999237060547,3.253000020980835,
1510681319657,-1.2799999713897705,1.8830000162124634,12.67199993133545
1510681319711,-2.069999933242798,0.25200000405311584,11.725000381469727
1510681319788,-1.2369999885559082,0.7910000085830688,9.352999687194824
1510681319848,-0.746999979019165,1.4470000267028809,6.764999866485596
1510681319895,-0.8270000219345093,2.2799999713897705,7.123000144958496
1510681319956,-0.19900000095367432,3.109999895095825,7.989999771118164
1510681320008,0.1889999955892563,3.569000005722046,9.659000396728516
1510681320093,0.5899999737739563,2.4579999446868896,12.934000015258789
1510681320151,-2.365999937057495,-0.4580000042915344,15.79699993133545
1510681320215,-3.0309998989105225,-0.3779999911785126,9.39900016784668
1510681320249,-0.32600000500679016,2.7160000801086426,5.355999946594238
1510681320307,0.828000009059906,3.367000102996826,7.8520002365112305
1510681320376,-1.184000015258789,1.944000005722046,9.836000442504883
1510681320451,-1.2599999904632568,2.2060000896453857,9.47700023651123
1510681320499,-0.07400000095367432,3.424999952316284,8.829999923706055
1510681320562,-0.16500000655651093,3.6019999980926514,9.425000190734863
1510681320609,-0.8600000143051147,3.619999885559082,8.515000343322754
1510681320670,-0.4359999895095825,3.1740000247955322,9.86299991607666
1510681320740,-0.5690000057220459,3.305000066757202,9.142000198364258
1510681320800,0.7580000162124634,2.486999988555908,14.628000259399414
1510681320856,-1.4730000495910645,0.06199999898672104,13.336999893188477
1510681320918,,,7.5329999923706055
1510681320994,-1.1820000410079956,2.1619999408721924,7.288000106811523
1510681321048,-1.9140000343322754,2.072999954223633,9.14900016784668
1510681321104,-1.4390000104904175,2.009000062942505,9.807999610900879
1510681321160,-1.090000033378601,2.2190001010894775,8.875
1510681321217,-0.7630000114440918,2.9600000381469727,7.966000080108643
1510681321296,-0.9419999718666077,3.628000020980835,9.204000473022461
1510681321355,-0.746999979019165,2.9630000591278076,9.638999938964844
1510681321399,-0.5540000200271606,2.9030001163482666,8.621000289916992
1510681321476,-0.6000000238418579,1.1790000200271606,13.553000450134277
1510681321528,-3.122999906539917,-0.8080000281333923,14.15999984741211
1510681321590,0.609000027179718,1.5579999685287476,8.190999984741211
1510681321666,0.5799999833106995,2.305000066757202,5.8979997634887695
1510681321710,-2.0320000648498535,2.1989998817443848,7.230000019073486
1510681321768,,,8.095999717712402
1510681321769,-4.267000198364258,1.9049999713897705,
1510681321853,,,9.307999610900879
1510681321854,-3.9030001163482666,2.252000093460083,
1510681321927,-3.5309998989105225,2.500999927520752,8.85099983215332
1510681321952,-3.9519999027252197,2.378999948501587,8.465999603271484
1510681322028,-2.7860000133514404,2.4800000190734863,9.74899959564209
1510681322088,-0.210999995470047,3.492000102996826,10.925999641418457
1510681322133,-2.990000009536743,1.121999979019165,9.845999717712402
1510681322196,-6.3520002365112305,-1.0950000286102295,12.579999923706055
1510681322257,-6.139999866485596,-1.3209999799728394,8.303000450134277
1510681322313,,,7.427000045776367
1510681322314,-1.2869999408721924,1.940999984741211,
1510681322368,-2.2079999446868896,1.7369999885559082,10.36299991607666
1510681322434,,,12.11299991607666
1510681322435,-4.243000030517578,-0.39899998903274536,
1510681322487,-3.4200000762939453,-0.1469999998807907,8.217000007629395
1510681322571,-2.6630001068115234,0.640999972820282,6.607999801635742
1510681322616,-0.8899999856948853,2.3540000915527344,9.286999702453613
1510681322667,-0.7549999952316284,2.4100000858306885,10.63700008392334
1510681322727,,,10.303999900817871
1510681322728,-1.7929999828338623,0.7689999938011169,
1510681322786,-1.5839999914169312,0.5389999747276306,14.413999557495117
1510681322850,-3.24399995803833,,12.637999534606934
1510681322851,,-0.4169999957084656,
1510681322931,-2.072000026702881,0.734000027179718,6.085000038146973
1510681322977,,,5.093999862670898
1510681322978,-0.06700000166893005,3.1050000190734863,
1510681323027,-0.8080000281333923,2.134999990463257,8.654999732971191
1510681323089,-3.505000114440918,0.27900001406669617,11.767000198364258
1510681323162,,,10.289999961853027
1510681323163,-2.865000009536743,1.1269999742507935,
1510681323222,-1.2990000247955322,2.236999988555908,8.470000267028809
1510681323282,-1.6100000143051147,2.4660000801086426,8.371999740600586
1510681323346,-2.746000051498413,2.3580000400543213,7.961999893188477
1510681323407,-4.39300012588501,1.343000054359436,10.491999626159668
1510681323465,-2.38100004196167,1.2059999704360962,12.456000328063965
1510681323523,-0.3319999873638153,0.6150000095367432,14.173999786376953
1510681323581,-1.8949999809265137,-0.7179999947547913,10.161999702453613
1510681323641,-0.5370000004768372,2.446000099182129,6.0279998779296875
1510681323699,-0.6330000162124634,2.9149999618530273,7.658999919891357
1510681323757,-1.2619999647140503,1.5700000524520874,12.154000282287598
1510681323819,-1.965000033378601,0.08399999886751175,10.883999824523926
1510681323882,-2.0739998817443848,0.7089999914169312,7.139999866485596
1510681323940,-0.8379999995231628,1.7790000438690186,7.126999855041504
1510681323988,-0.609000027179718,3.006999969482422,8.244000434875488
1510681324065,-0.6480000019073486,3.4260001182556152,8.762999534606934
1510681324130,-0.12399999797344208,2.821000099182129,9.991000175476074
1510681324178,-0.33399999141693115,1.4639999866485596,14.555999755859375
1510681324230,-4.09499979019165,-1.3350000381469727,12.763999938964844
1510681324298,-2.6519999504089355,-0.07400000095367432,8.196000099182129
1510681324360,1.4589999914169312,3.7679998874664307,7.678999900817871
1510681324414,0.11299999803304672,2.3480000495910645,9.6899995803833
1510681324470,-0.5630000233650208,0.7110000252723694,11.781999588012695
1510681324530,0.46299999952316284,2.203000068664551,9.003999710083008
1510681324605,0.21299999952316284,2.4739999771118164,8.432000160217285
1510681324668,-1.1859999895095825,2.38700008392334,8.743000030517578
1510681324729,-2.4600000381469727,2.4700000286102295,9.227999687194824
1510681324793,-3.888000011444092,1.6160000562667847,9.826000213623047
1510681324831,-1.434000015258789,2.944000005722046,9.005999565124512
1510681324894,-1.4559999704360962,0.8679999709129333,14.973999977111816
1510681324949,-3.0160000324249268,-0.8029999732971191,8.994999885559082
1510681325006,0.10199999809265137,,7.5329999923706055
1510681325007,,2.2090001106262207,
1510681325075,1.437999963760376,3.2929999828338623,10.52400016784668
1510681325174,-1.2339999675750732,1.5800000429153442,11.015999794006348
1510681325205,-1.2400000095367432,1.2769999504089355,8.70300006866455
1510681325272,,,7.427999973297119
1510681325273,-0.32899999618530273,2.2149999141693115,
1510681325321,-0.3619999885559082,2.734999895095825,7.2870001792907715
1510681325376,-1.0240000486373901,,8.163999557495117
1510681325377,,3.1730000972747803,
1510681325442,-0.8080000281333923,3.071000099182129,10.293999671936035
1510681325493,-0.6299999952316284,2.9779999256134033,11.364999771118164
1510681325549,-1.0509999990463257,2.6579999923706055,12.663000106811523
1510681325613,-1.8940000534057617,,13.609000205993652
1510681325614,,0.8149999976158142,
1510681325681,-2.615000009536743,0.38100001215934753,8.972000122070313
1510681325745,-0.5720000267028809,2.174999952316284,6.635000228881836
1510681325807,0.6959999799728394,2.9260001182556152,8.795999526977539
1510681325872,-1.2640000581741333,1.559000015258789,9.041000366210938
1510681325912,-0.8970000147819519,2.4149999618530273,7.833000183105469
1510681325992,-0.12399999797344208,3.3469998836517334,8.92199993133545
1510681326037,-0.4440000057220459,3.6429998874664307,9.380000114440918
1510681326120,-1.5260000228881836,3.5139999389648438,9.32800006866455
1510681326150,-1.1130000352859497,4.315000057220459,11.946000099182129
1510681326224,-0.921999990940094,3.7209999561309814,11.586000442504883
1510681326287,-0.6809999942779541,1.7999999523162842,13.925999641418457
1510681326355,-2.140000104904175,0.15800000727176666,10.529000282287598
1510681326410,-0.43799999356269836,1.972000002861023,7.369999885559082
1510681326490,0.09399999678134918,2.9549999237060547,8.032999992370605
1510681326529,-0.07999999821186066,2.927999973297119,7.295000076293945
1510681326610,0.30300000309944153,3.740000009536743,8.28499984741211
1510681326658,,,7.965000152587891
1510681326659,-0.06400000303983688,3.9089999198913574,
1510681326710,0.18299999833106995,4.519999980926514,8.510000228881836
1510681326775,0.890999972820282,4.790999889373779,9.12399959564209
1510681326883,0.49300000071525574,4.026000022888184,10.579999923706055
1510681326915,0.8899999856948853,4.181000232696533,10.543999671936035
1510681326980,1.0449999570846558,2.7639999389648438,10.175999641418457
1510681327027,0.6029999852180481,2.434000015258789,10.118000030517578
1510681327084,0.09200000017881393,2.694000005722046,7.834000110626221
1510681327147,1.9579999446868896,3.634000062942505,8.793000221252441
1510681327216,0.9089999794960022,2.6059999465942383,9.649999618530273
1510681327289,0.1979999989271164,2.9609999656677246,9.381999969482422
1510681327322,,,8.979000091552734
1510681327323,0.28700000047683716,3.947999954223633,
1510681327379,0.0729999989271164,3.7920000553131104,8.743000030517578
1510681327454,0.4059999883174896,4.126999855041504,8.197999954223633
1510681327530,,,9.029999732971191
1510681327531,1.1759999990463257,4.710000038146973,
1510681327568,0.597000002861023,4.716000080108643,9.899999618530273
1510681327646,-0.27799999713897705,5.36299991607666,10.085000038146973
1510681327701,0.8009999990463257,3.4140000343322754,14.531999588012695
1510681327768,-0.38199999928474426,1.8079999685287476,8.538000106811523
1510681327797,0.36000001430511475,3.4049999713897705,7.776000022888184
1510681327869,0.4020000100135803,3.622999906539917,8.758000373840332
1510681327936,0.009999999776482582,3.5139999389648438,7.36299991607666
1510681327988,0.5979999899864197,4.309000015258789,7.885000228881836
1510681328057,0.3009999990463257,4.75600004196167,7.300000190734863
1510681328129,0.1550000011920929,5.0920000076293945,7.589000225067139
1510681328157,0.24799999594688416,5.769000053405762,8.49899959564209
1510681328222,0.21199999749660492,5.9039998054504395,8.881999969482422
1510681328290,0.6899999976158142,4.465000152587891,11.428000450134277
1510681328356,2.0950000286102295,3.492000102996826,9.348999977111816
1510681328423,1.6440000534057617,2.864000082015991,10.61299991607666
1510681328493,2.2170000076293945,4.261000156402588,7.408999919891357
1510681328528,0.37700000405311584,3.361999988555908,7.585999965667725
1510681328620,-0.22599999606609344,4.105000019073486,7.868000030517578
1510681328667,-0.7160000205039978,3.796999931335449,9.553000450134277
1510681328724,0.6990000009536743,4.506999969482422,9.45199966430664
1510681328794,0.460999995470047,4.626999855041504,8.696999549865723
1510681328845,,,8.645999908447266
1510681328846,-0.0729999989271164,4.789000034332275,
1510681328917,-0.38600000739097595,,9.543000221252441
1510681328918,,4.751999855041504,
1510681328969,-0.382999986410141,4.796000003814697,8.795999526977539
1510681329018,0.29899999499320984,3.4079999923706055,12.279000282287598
1510681329071,-0.6290000081062317,1.0180000066757202,8.718999862670898
1510681329140,,,10.414999961853027
1510681329141,-2.1440000534057617,1.1330000162124634,
1510681329210,-0.9760000109672546,2.7660000324249268,9.199999809265137
1510681329256,-0.2720000147819519,2.881999969482422,11.050000190734863
1510681329309,-1.0099999904632568,2.4749999046325684,10.906999588012695
1510681329377,-0.9070000052452087,3.0350000858306885,7.111000061035156
1510681329448,-0.7900000214576721,3.9110000133514404,7.440999984741211
1510681329490,-0.36399999260902405,4.5970001220703125,9.069999694824219
1510681329573,-0.9089999794960022,3.943000078201294,9.847000122070313
1510681329626,-1.7209999561309814,3.072999954223633,9.310999870300293
1510681329668,-0.2680000066757202,,9.890999794006348
1510681329669,,2.9000000953674316,
1510681329737,-0.7250000238418579,,12.357999801635742
1510681329738,,1.4119999408721924,
1510681329811,-1.6579999923706055,0.9789999723434448,10.494999885559082
1510681329881,0.328000009059906,3.1760001182556152,6.984000205993652
1510681329915,,,8.795000076293945
1510681329916,0.7710000276565552,3.2960000038146973,
1510681329971,-1.9900000095367432,1.7079999446868896,10.20300006866455
1510681330060,,,9.668000221252441
1510681330061,-1.9889999628067017,2.0380001068115234,
1510681330098,-0.593999981880188,2.7669999599456787,9.32800006866455
1510681330180,-0.19900000095367432,3.055999994277954,8.475000381469727
1510681330232,-1.4889999628067017,2.867000102996826,8.479000091552734
1510681330283,-1.7309999465942383,2.2899999618530273,10.305000305175781
1510681330348,-1.406000018119812,2.3959999084472656,9.786999702453613
1510681330402,0.19099999964237213,2.430000066757202,12.64900016784668
1510681330467,-0.7360000014305115,0.3790000081062317,12.666000366210938
1510681330516,-1.7289999723434448,-0.13500000536441803,10.479000091552734
1510681330594,-0.3869999945163727,1.8869999647140503,7.802000045776367
1510681330638,-0.05700000002980232,2.3399999141693115,9.369000434875488
1510681330700,-1.2489999532699585,1.975000023841858,9.89900016784668
1510681330758,-0.4970000088214874,2.322000026702881,9.03600025177002
1510681330818,-0.878000020980835,2.5969998836517334,7.769000053405762
1510681330881,,,8.487000465393066
1510681330882,-1.187000036239624,3.2109999656677246,
1510681330960,-1.4739999771118164,3.2309999465942383,9.444000244140625
1510681331029,-0.7929999828338623,,9.574999809265137
1510681331088,0.4189999997615814,2.808000087738037,11.5
1510681331127,,,13.574999809265137
1510681331128,-0.8019999861717224,0.8090000152587891,
1510681331192,-1.9110000133514404,0.30799999833106995,10.515999794006348
1510681331257,0.9810000061988831,2.8389999866485596,7.309999942779541
1510681331323,0.7760000228881836,2.9639999866485596,8.819999694824219
1510681331386,-1.7100000381469727,1.9479999542236328,8.873000144958496
1510681331444,-1.1670000553131104,2.694999933242798,8.225000381469727
1510681331509,-0.16599999368190765,3.4630000591278076,8.840999603271484
1510681331584,-0.07000000029802322,3.7360000610351563,9.067999839782715
1510681331622,-0.6240000128746033,3.565000057220459,9.21399974822998
1510681331702,-0.7360000014305115,3.7330000400543213,9.597000122070313
1510681331768,-0.9210000038146973,2.496999979019165,11.479999542236328
1510681331800,-1.444000005722046,0.35899999737739563,14.63599967956543
1510681331857,-0.9789999723434448,0.4740000069141388,10.553000450134277
1510681331929,0.9449999928474426,2.2799999713897705,8.319000244140625
1510681331985,1.3980000019073486,2.7249999046325684,9.60200023651123
1510681332038,0.04500000178813934,2.0209999084472656,11.61299991607666
1510681332096,,,8.824000358581543
1510681332097,-0.37400001287460327,1.524999976158142,
1510681332158,-0.1850000023841858,2.256999969482422,7.349999904632568
1510681332217,-0.4449999928474426,2.4760000705718994,7.695000171661377
1510681332278,-0.890999972820282,2.9070000648498535,8.012999534606934
1510681332345,-0.5960000157356262,2.553999900817871,9.364999771118164
1510681332403,0.164000004529953,2.359999895095825,11.973999977111816
1510681332461,-0.6489999890327454,1.1460000276565552,14.265000343322754
1510681332522,-1.5190000534057617,0.8700000047683716,10.468000411987305
1510681332589,0.1809999942779541,2.384999990463257,7.076000213623047
1510681332651,0.7459999918937683,3.0299999713897705,8.451000213623047
1510681332700,-1.375,1.5740000009536743,10.460000038146973
1510681332756,-1.7929999828338623,1.6929999589920044,8.968000411987305
1510681332816,,,7.427999973297119
1510681332817,-0.4189999997615814,2.9089999198913574,
1510681332881,-0.0430000014603138,3.9110000133514404,8.687999725341797
1510681332953,,,9.821999549865723
1510681332954,-1.8240000009536743,3.1070001125335693,9.821999549865723
1510681333014,-1.434999942779541,3.1500000953674316,9.854000091552734
1510681333076,-1.9329999685287476,1.8650000095367432,11.730999946594238
1510681333131,-3.440000057220459,-0.3499999940395355,14.147000312805176
1510681333188,-3.010999917984009,-1.1579999923706055,10.050999641418457
1510681333256,0.14100000262260437,1.7280000448226929,7.656000137329102
1510681333306,,,8.211000442504883
1510681333307,-0.2619999945163727,1.8420000076293945,
1510681333368,-1.2660000324249268,1.1749999523162842,10.52400016784668
1510681333438,-1.0420000553131104,1.6679999828338623,9.133000373840332
1510681333505,-0.5379999876022339,2.2890000343322754,8.152999877929688
1510681333567,-0.04899999871850014,3.187000036239624,7.785999774932861
1510681333616,-1.184999942779541,3.3289999961853027,9.510000228881836
1510681333668,-1.6859999895095825,2.5309998989105225,9.956999778747559
1510681333728,-0.5730000138282776,2.4010000228881836,12.744000434875488
1510681333787,-1.4559999704360962,0.550000011920929,11.871000289916992
1510681333851,-2.5299999713897705,0.24899999797344208,10.029999732971191
1510681333908,-0.13500000536441803,1.6579999923706055,7.71999979019165
1510681333991,,,9.00100040435791
1510681333992,0.7649999856948853,2.2139999866485596,
1510681334037,-1.7690000534057617,1.187999963760376,9.680000305175781
1510681334104,-2.181999921798706,1.559999942779541,9.35099983215332
1510681334153,-0.2809999883174896,2.640000104904175,9.487000465393066
1510681334209,1.6430000066757202,4.364999771118164,9.045999526977539
1510681334274,-0.75,3.2249999046325684,9.279999732971191
1510681334334,-2.680999994277954,2.075000047683716,10.678000450134277
1510681334397,-3.0910000801086426,1.527999997138977,9.65999984741211
1510681334448,-1.5449999570846558,1.059999942779541,15.843000411987305
1510681334515,-2.6570000648498535,-0.8349999785423279,9.109000205993652
1510681334583,-0.7239999771118164,1.5499999523162842,7.841000080108643
1510681334637,-0.24699999392032623,2.2820000648498535,9.121999740600586
1510681334689,-1.8209999799728394,2.1389999389648438,8.920999526977539
1510681334759,-2.2939999103546143,1.440000057220459,9.32800006866455
1510681334820,-1.440000057220459,2.440000057220459,8.17199993133545
1510681334870,-1.819000005722046,2.697999954223633,8.607999801635742
1510681334930,-1.8559999465942383,2.753999948501587,9.295000076293945
1510681334988,-1.7640000581741333,2.178999900817871,10.144000053405762
1510681335051,-2.1500000953674316,1.9989999532699585,8.663999557495117
1510681335116,-2.634999990463257,1.2860000133514404,12.670999526977539
1510681335169,-3.1440000534057617,0.6150000095367432,11.463000297546387
1510681335227,,,9.006999969482422
1510681335228,-0.6579999923706055,1.6859999895095825,
1510681335297,-0.35600000619888306,1.6410000324249268,9.246000289916992
1510681335347,,,8.505999565124512
1510681335348,-2.7279999256134033,1.1130000352859497,
1510681335411,-2.7209999561309814,1.7410000562667847,8.104000091552734
1510681335487,-1.3279999494552612,2.760999917984009,8.07699966430664
1510681335536,-1.5779999494552612,3.2300000190734863,8.458999633789063
1510681335587,-2.558000087738037,3.2720000743865967,8.694000244140625
1510681335659,-2.615999937057495,2.444000005722046,10.154000282287598
1510681335725,-2.243000030517578,2.375,12.366000175476074
1510681335783,,,12.95300006866455
1510681335784,-2.2019999027252197,1.6959999799728394,
1510681335837,-3.8259999752044678,-0.335999995470047,11.107000350952148
1510681335911,-2.4140000343322754,1.4509999752044678,6.283999919891357
1510681335963,-1.9980000257492065,2.1589999198913574,8.784000396728516
1510681336018,-2.180999994277954,1.7799999713897705,10.01200008392334
1510681336081,-2.36299991607666,1.0099999904632568,10.26099967956543
1510681336139,-1.871000051498413,,8.541000366210938
1510681336140,,1.99399995803833,
1510681336202,-2.003999948501587,2.3480000495910645,8.36299991607666
1510681336267,-2.240999937057495,2.2179999351501465,9.895999908447266
1510681336317,-2.246999979019165,2.055999994277954,9.88599967956543
1510681336392,-2.138000011444092,1.8919999599456787,11.87399959564209
1510681336461,-3.2200000286102295,0.4480000138282776,12.366999626159668
1510681336503,-2.7909998893737793,0.36899998784065247,8.508000373840332
1510681336583,-0.3619999885559082,2.3910000324249268,7.651000022888184
1510681336630,,,9.255000114440918
1510681336631,-2.0810000896453857,1.5329999923706055,
1510681336678,-3.4010000228881836,0.9990000128746033,8.52299976348877
1510681336747,-2.5429999828338623,1.9730000495910645,7.7789998054504395
1510681336818,-2.1029999256134033,2.375999927520752,8.531000137329102
1510681336892,-2.1989998817443848,2.615000009536743,8.654999732971191
1510681336941,,,9.369999885559082
1510681336942,-2.302999973297119,2.757999897003174,
1510681337019,,,9.246000289916992
1510681337020,-3.063999891281128,2.678999900817871,
1510681337071,,,11.116999626159668
1510681337072,-2.0899999141693115,2.5230000019073486,
1510681337134,,,14.468999862670898
1510681337135,-0.6299999952316284,1.0980000495910645,
1510681337182,-1.656000018119812,0.6510000228881836,8.979999542236328
1510681337256,-0.5740000009536743,2.0329999923706055,7.61299991607666
1510681337306,-1.6929999589920044,1.7769999504089355,7.994999885559082
1510681337359,-1.3619999885559082,2.010999917984009,10.682999610900879
1510681337440,-1.1139999628067017,2.2750000953674316,9.256999969482422
1510681337490,,,8.166000366210938
1510681337491,-1.562000036239624,2.359999895095825,
1510681337541,-2.503000020980835,2.375,8.439000129699707
1510681337615,-2.503000020980835,2.200000047683716,10.482000350952148
1510681337672,-1.2829999923706055,2.0450000762939453,10.845999717712402
1510681337740,,,13.196000099182129
1510681337741,-1.871000051498413,0.5979999899864197,
1510681337792,-2.921999931335449,-0.14399999380111694,12.267999649047852
1510681337842,-1.0870000123977661,0.621999979019165,8.574999809265137
1510681337916,0.5860000252723694,2.0959999561309814,7.664000034332275
1510681337968,,,7.909999847412109
1510681337969,-1.3819999694824219,1.225000023841858,
1510681338056,-2.438999891281128,1.1030000448226929,7.989999771118164
1510681338095,-2.253000020980835,1.8480000495910645,7.729000091552734
1510681338146,-1.281999945640564,2.382999897003174,8.883999824523926
1510681338198,-2.1389999389648438,2.3519999980926514,9.244000434875488
1510681338275,,,11.003999710083008
1510681338276,-3.7820000648498535,1.2480000257492065,
1510681338320,-2.621999979019165,1.2020000219345093,11.133999824523926
1510681338390,-2.25600004196167,-0.7940000295639038,13.965999603271484
1510681338464,-2.309000015258789,-0.7889999747276306,9.946999549865723
1510681338510,-0.8259999752044678,0.8420000076293945,7.673999786376953
1510681338574,0.11400000005960464,2.36299991607666,7.5320000648498535
1510681338628,-1.6410000324249268,1.7799999713897705,8.970000267028809
1510681338679,-3.5169999599456787,0.09300000220537186,11.192000389099121
1510681338756,-3.3519999980926514,0.22200000286102295,8.656000137329102
1510681338810,-0.5509999990463257,2.0959999561309814,8.050000190734863
1510681338859,-0.31700000166893005,1.8040000200271606,9.428000450134277
1510681338924,-0.9039999842643738,0.3970000147819519,10.347000122070313
1510681338977,-0.05000000074505806,0.24699999392032623,10.236000061035156
1510681339049,-0.3889999985694885,-0.06199999898672104,13.543000221252441
1510681339105,-3.2730000019073486,-1.0049999952316284,13.479000091552734
1510681339183,-0.6830000281333923,0.5690000057220459,7.504000186920166
1510681339240,,,6.815000057220459
1510681339241,1.7280000448226929,2.805999994277954,
1510681339300,,,8.461999893188477
1510681339301,-1.600000023841858,0.9890000224113464,
1510681339341,-3.5139999389648438,,8.638999938964844
1510681339342,,0.20800000429153442,
1510681339402,-2.9730000495910645,,9.49899959564209
1510681339403,,0.5120000243186951,
1510681339463,-2.1089999675750732,1.534000039100647,8.845000267028809
1510681339516,-2.4549999237060547,,9.50100040435791
1510681339517,,1.9989999532699585,
1510681339586,-4.348999977111816,1.0190000534057617,9.996999740600586
1510681339636,-3.8989999294281006,,9.529999732971191
1510681339637,,1.680999994277954,
1510681339716,,,14.029999732971191
1510681339717,-1.1970000267028809,0.8849999904632568,
1510681339774,-4.677000045776367,-2.686000108718872,12.164999961853027
1510681339828,-3.6630001068115234,-0.781000018119812,8.01200008392334
1510681339884,-0.8970000147819519,0.8569999933242798,9.404000282287598
1510681339941,-1.8049999475479126,1.1950000524520874,9.692999839782715
1510681339996,,,10.069999694824219
1510681339997,-3.0309998989105225,0.42100000381469727,
1510681340079,-2.1610000133514404,1.0980000495910645,7.8460001945495605
1510681340153,-1.621000051498413,2.1470000743865967,7.539999961853027
1510681340197,-1.9789999723434448,2.36899995803833,7.848999977111816
1510681340257,,,9.803999900817871
1510681340258,-2.1429998874664307,2.2139999866485596,
1510681340316,-2.138000011444092,1.434999942779541,9.519000053405762
1510681340359,,,12.265000343322754
1510681340367,-2.078000068664551,1.1970000267028809,
1510681340416,-4.019999980926514,0.15600000321865082,10.73799991607666
1510681340490,-2.3989999294281006,1.1829999685287476,9.1850004196167
1510681340549,-0.16699999570846558,2.2920000553131104,8.541999816894531
1510681340605,-1.1360000371932983,2.109999895095825,9.145000457763672
1510681340659,,,9.227999687194824
1510681340660,-3.184000015258789,1.1670000553131104,
1510681340719,-1.777999997138977,2.174999952316284,9.060999870300293
1510681340778,-0.8460000157356262,3.3359999656677246,8.241000175476074
1510681340841,-1.8289999961853027,3.2320001125335693,7.9039998054504395
1510681340902,-2.2300000190734863,3.009000062942505,8.847999572753906
1510681340961,,,10.869999885559082
1510681340962,-2.9070000648498535,2.0,
1510681341018,-3.1530001163482666,1.9079999923706055,10.218000411987305
1510681341077,,,12.449999809265137
1510681341161,-2.1110000610351563,0.3440000116825104,12.293999671936035
1510681341221,-1.8980000019073486,0.007000000216066837,9.98799991607666
1510681341266,-0.3880000114440918,0.8299999833106995,9.449000358581543
1510681341318,-1.5369999408721924,1.1950000524520874,9.197999954223633
1510681341387,-2.111999988555908,1.128000020980835,10.390000343322754
1510681341454,-1.3949999809265137,1.7020000219345093,8.03499984741211
1510681341512,-0.7720000147819519,2.9579999446868896,7.406000137329102
1510681341568,-1.7829999923706055,3.1410000324249268,8.897000312805176
1510681341629,-2.066999912261963,2.3929998874664307,10.937999725341797
1510681341686,-2.184000015258789,2.1740000247955322,10.800000190734863
1510681341747,-1.2999999523162842,2.007999897003174,12.531999588012695
1510681341805,-3.006999969482422,0.5109999775886536,12.770999908447266
1510681341867,-2.0950000286102295,1.1390000581741333,9.114999771118164
1510681341927,-0.22699999809265137,2.2300000190734863,8.159000396728516
1510681341987,-2.1110000610351563,2.325000047683716,5.517000198364258
1510681342047,-1.7619999647140503,2.821000099182129,6.605000019073486
1510681342107,-1.343999981880188,3.5420000553131104,8.744999885559082
1510681342166,-1.3389999866485596,3.815999984741211,9.57800006866455
1510681342224,-2.950000047683716,4.2870001792907715,9.404000282287598
1510681342284,-3.3499999046325684,3.938999891281128,11.736000061035156
1510681342344,,,11.519000053405762
1510681342345,-3.4809999465942383,3.0820000171661377,
1510681342406,-2.4809999465942383,2.4630000591278076,10.862000465393066
1510681342465,-2.384000062942505,1.503000020980835,10.767999649047852
1510681342524,-1.190000057220459,3.4719998836517334,9.946000099182129
1510681342584,-1.9240000247955322,,11.633999824523926
1510681342585,,4.422999858856201,
1510681342644,-3.9110000133514404,3.8570001125335693,12.23799991607666
1510681342704,,,7.63700008392334
1510681342705,-1.6929999589920044,3.881999969482422,
1510681342764,-0.8690000176429749,4.085000038146973,6.380000114440918
1510681342822,-1.440999984741211,2.4760000705718994,7.007999897003174
1510681342882,-1.718999981880188,0.12099999934434891,6.526000022888184
1510681342943,-2.1110000610351563,-0.2409999966621399,5.306000232696533
1510681343003,-1.7790000438690186,-0.13199999928474426,6.372000217437744
1510681343063,-1.2549999952316284,-0.847000002861023,8.387999534606934
1510681343124,-0.2809999883174896,-2.0329999923706055,9.062000274658203
1510681343186,-2.3289999961853027,-4.335999965667725,9.357000350952148
1510681343246,-3.4040000438690186,-1.4600000381469727,11.390000343322754
1510681343307,-4.010000228881836,0.47200000286102295,13.194000244140625
1510681343366,-1.274999976158142,3.8459999561309814,10.821000099182129
1510681343427,-4.8979997634887695,1.440000057220459,15.253999710083008
1510681343490,-5.793000221252441,1.4739999771118164,11.694000244140625
1510681343539,-4.4120001792907715,2.256999969482422,10.012999534606934
1510681343624,-3.4660000801086426,1.4529999494552612,9.510000228881836
1510681343706,-4.192999839782715,,9.279999732971191
1510681343707,,0.3190000057220459,
1510681343719,,,9.958999633789063
1510681343720,-3.690000057220459,-0.07400000095367432,
1510681343779,-5.050000190734863,-1.628000020980835,11.543000221252441
1510681343839,,,10.350000381469727
1510681343840,-3.0980000495910645,0.07999999821186066,
1510681343902,-2.5399999618530273,0.597000002861023,11.718000411987305
1510681343966,-3.51200008392334,-1.4550000429153442,9.784000396728516
1510681344028,-1.6419999599456787,-0.0020000000949949026,8.168999671936035
1510681344090,-1.9830000400543213,-0.1340000033378601,8.548999786376953
1510681344154,,,8.805999755859375
1510681344155,-2.190000057220459,-0.12999999523162842,
1510681344218,-2.5139999389648438,-0.625,10.34000015258789
1510681344286,,,6.236999988555908
1510681344287,-1.7339999675750732,1.0670000314712524,
1510681344319,-1.8420000076293945,1.9390000104904175,7.140999794006348
1510681344389,-2.138000011444092,1.8630000352859497,8.336999893188477
1510681344455,-2.2990000247955322,0.375,10.888999938964844
1510681344510,-3.1619999408721924,-0.010999999940395355,9.913999557495117
1510681344577,-2.5869998931884766,0.4090000092983246,13.232000350952148
1510681344649,-4.396999835968018,-0.17599999904632568,14.520000457763672
1510681344703,-1.9249999523162842,0.5889999866485596,9.75
1510681344748,0.03099999949336052,2.0910000801086426,6.330999851226807
1510681344837,-1.8990000486373901,0.9110000133514404,8.95199966430664
1510681344870,-4.776000022888184,-1.0440000295639038,8.590999603271484
1510681344927,-3.0460000038146973,0.4090000092983246,7.630000114440918
1510681345020,-1.2130000591278076,2.003999948501587,8.75
1510681345051,-1.7309999465942383,2.1449999809265137,9.574999809265137
1510681345133,-2.2219998836517334,1.2039999961853027,10.338000297546387
1510681345175,-3.11299991607666,0.3149999976158142,10.208999633789063
1510681345240,-1.7649999856948853,0.7269999980926514,12.418999671936035
1510681345305,-3.986999988555908,-1.3559999465942383,14.116000175476074
1510681345369,-2.6679999828338623,-0.3630000054836273,6.650000095367432
1510681345432,-0.3709999918937683,2.009000062942505,8.293999671936035
1510681345468,-1.9570000171661377,1.0379999876022339,9.690999984741211
1510681345560,-3.260999917984009,0.2280000001192093,11.48900032043457
1510681345594,-2.7269999980926514,-0.004999999888241291,9.868000030517578
1510681345648,-0.9350000023841858,1.7869999408721924,7.363999843597412
1510681345709,-0.8399999737739563,2.7820000648498535,6.808000087738037
1510681345778,-1.9559999704360962,2.4210000038146973,8.392000198364258
1510681345847,-3.0,1.1970000267028809,9.345999717712402
1510681345911,-2.7909998893737793,0.9620000123977661,10.312000274658203
1510681345947,,,12.239999771118164
1510681345948,-2.1570000648498535,0.1550000011920929,
1510681346016,,,13.144000053405762
1510681346017,-2.6449999809265137,-0.5049999952316284,
1510681346069,-0.8579999804496765,0.13699999451637268,9.234999656677246
1510681346159,-0.11599999666213989,0.9409999847412109,8.291999816894531
1510681346225,-3.7009999752044678,0.05299999937415123,8.041999816894531
1510681346291,,,8.444000244140625
1510681346292,-3.5439999103546143,0.7829999923706055,
1510681346326,-2.253000020980835,2.197000026702881,8.45300006866455
1510681346402,,,8.423999786376953
1510681346403,-2.1670000553131104,3.306999921798706,
1510681346471,-2.328000068664551,3.687000036239624,8.76099967956543
1510681346524,-3.125999927520752,2.438999891281128,10.081000328063965
1510681346575,-3.236999988555908,1.4919999837875366,10.36299991607666
1510681346628,-2.369999885559082,0.8420000076293945,12.470999717712402
1510681346722,-2.4089999198913574,-0.4449999928474426,12.039999961853027
1510681346756,-3.2300000190734863,-0.39800000190734863,8.843000411987305
1510681346847,-1.7569999694824219,1.6720000505447388,8.25100040435791
1510681346893,-1.8949999809265137,,10.17300033569336
1510681346894,,1.093999981880188,
1510681346969,-3.115999937057495,0.0729999989271164,10.918999671936035
1510681347009,-2.3359999656677246,0.7630000114440918,8.303000450134277
1510681347055,-1.8289999961853027,2.196000099182129,7.046999931335449
1510681347121,-2.194000005722046,2.688999891281128,7.4730000495910645
1510681347190,-2.61899995803833,2.7060000896453857,8.878999710083008
1510681347251,,,9.723999977111816
1510681347252,-2.5,2.140000104904175,
1510681347307,-1.7430000305175781,1.4789999723434448,11.222999572753906
1510681347381,-1.5740000009536743,-0.01600000075995922,13.425999641418457
1510681347455,-2.946000099182129,-0.7630000114440918,13.538999557495117
1510681347477,-0.800000011920929,0.11500000208616257,9.152999877929688
1510681347537,0.9409999847412109,1.4479999542236328,7.895999908447266
1510681347606,-0.6859999895095825,1.5889999866485596,7.650000095367432
1510681347661,-3.122999906539917,1.1039999723434448,8.77400016784668
1510681347719,-3.055999994277954,1.2339999675750732,8.817999839782715
1510681347787,-2.247999906539917,2.174999952316284,7.931000232696533
1510681347858,-2.1089999675750732,2.822000026702881,7.479000091552734
1510681347912,-1.559999942779541,3.6410000324249268,8.746000289916992
1510681347966,-2.2249999046325684,2.6579999923706055,11.12600040435791
1510681348035,-2.8940000534057617,1.4859999418258667,11.244999885559082
1510681348103,-3.796999931335449,-0.01600000075995922,13.319999694824219
1510681348138,-3.380000114440918,-1.003000020980835,11.805999755859375
1510681348232,-1.1790000200271606,0.4269999861717224,8.189000129699707
1510681348282,-0.41999998688697815,1.2940000295639038,9.222999572753906
1510681348346,-1.850000023841858,0.5389999747276306,9.081000328063965
1510681348381,,,10.767999649047852
1510681348382,-2.181999921798706,0.2750000059604645,
1510681348438,,,8.312000274658203
1510681348439,-1.7660000324249268,1.5180000066757202,
1510681348508,-1.2430000305175781,2.2760000228881836,8.029000282287598
1510681348565,-1.7649999856948853,2.4059998989105225,8.45300006866455
1510681348618,-2.135999917984009,2.359999895095825,9.494999885559082
1510681348688,-2.2209999561309814,1.6619999408721924,9.744999885559082
1510681348743,-1.8020000457763672,1.5,11.576000213623047
1510681348808,-2.50600004196167,0.1589999943971634,12.484999656677246
1510681348857,-2.7920000553131104,-0.01899999938905239,11.545000076293945
1510681348942,-0.47699999809265137,1.406999945640564,8.204000473022461
1510681349013,-0.3109999895095825,1.718999981880188,9.069000244140625
1510681349049,-2.253999948501587,1.0490000247955322,8.015000343322754
1510681349124,,,8.043000221252441
1510681349125,-2.174999952316284,2.002000093460083,
1510681349180,-2.1640000343322754,2.315999984741211,7.8520002365112305
1510681349234,,,8.336000442504883
1510681349235,-2.375999927520752,2.3459999561309814,
1510681349297,-3.1670000553131104,2.3610000610351563,8.223999977111816
1510681349346,-2.36899995803833,2.4189999103546143,10.571999549865723
1510681349436,-2.8420000076293945,2.132999897003174,10.574000358581543
1510681349467,-4.085000038146973,0.8399999737739563,13.369999885559082
1510681349534,-4.0,-1.2640000581741333,9.97700023651123
1510681349604,-2.828000068664551,-0.5680000185966492,9.607999801635742
1510681349678,-1.3339999914169312,0.5080000162124634,9.706000328063965
1510681349715,-2.01200008392334,0.628000020980835,9.788999557495117
1510681349813,-2.0380001068115234,,9.772000312805176
1510681349814,,0.7900000214576721,
1510681349833,-1.7130000591278076,1.562000036239624,7.872000217437744
1510681349906,-1.5859999656677246,2.2170000076293945,7.548999786376953
1510681349977,-2.053999900817871,2.3459999561309814,8.260000228881836
1510681350013,-2.196000099182129,2.075000047683716,9.619999885559082
1510681350095,-1.684000015258789,1.2920000553131104,10.352999687194824
1510681350133,-2.049999952316284,0.5870000123977661,12.717000007629395
1510681350216,-2.86299991607666,-0.4790000021457672,11.765999794006348
1510681350247,-2.674999952316284,-0.49799999594688416,8.437999725341797
1510681350316,-0.11699999868869781,1.0889999866485596,8.199999809265137
1510681350393,-0.656000018119812,1.4450000524520874,9.295999526977539
1510681350430,-2.2690000534057617,0.9990000128746033,8.847999572753906
1510681350506,-2.0299999713897705,2.065000057220459,8.746999740600586
1510681350563,-1.8799999952316284,2.3239998817443848,9.461000442504883
1510681350607,-2.256999969482422,2.4049999713897705,9.071000099182129
1510681350677,-2.2880001068115234,2.11299991607666,10.157999992370605
1510681350729,-1.565000057220459,1.8969999551773071,9.746000289916992
1510681350790,-1.36899995803833,0.03799999877810478,12.699000358581543
1510681350873,-3.7690000534057617,-1.7669999599456787,13.064000129699707
1510681350956,-3.611999988555908,,8.329999923706055
1510681350957,,-1.4579999446868896,
1510681350996,,,8.946000099182129
1510681350997,0.17900000512599945,1.128000020980835,
1510681351032,-0.3319999873638153,1.1360000371932983,10.930999755859375
1510681351095,-1.7869999408721924,0.2370000034570694,10.324000358581543
1510681351147,-1.003999948501587,,8.354999542236328
1510681351232,-0.5659999847412109,2.052999973297119,7.824999809265137
1510681351273,-1.3969999551773071,1.9320000410079956,8.397000312805176
1510681351369,-1.7649999856948853,1.1829999685287476,9.42300033569336
1510681351388,-0.5690000057220459,0.796999990940094,9.977999687194824
1510681351447,-1.315999984741211,0.28200000524520874,13.597000122070313
1510681351532,-1.7790000438690186,0.42899999022483826,12.048999786376953
1510681351586,0.8500000238418579,,10.649999618530273
1510681351587,,1.531999945640564,
1510681351646,1.6390000581741333,2.191999912261963,7.9670000076293945
1510681351687,,,8.472000122070313
1510681351688,-1.069000005722046,0.9160000085830688,
1510681351747,-3.184999942779541,0.6880000233650208,7.770999908447266
1510681351819,-1.8860000371932983,1.843999981880188,7.809999942779541
1510681351894,-0.5419999957084656,,9.178999900817871
1510681351895,,2.5339999198913574,
1510681351934,-1.0800000429153442,2.7690000534057617,9.069999694824219
1510681352039,-2.0929999351501465,2.2200000286102295,10.40999984741211
1510681352052,-1.8680000305175781,2.1740000247955322,10.699000358581543
1510681352142,-1.378999948501587,0.5680000185966492,15.468000411987305
1510681352181,-2.9519999027252197,-0.9200000166893005,14.802000045776367
1510681352259,-2.7300000190734863,-1.281999945640564,7.140999794006348
1510681352341,-1.2569999694824219,1.4110000133514404,6.400000095367432
1510681352354,-0.8799999952316284,1.9079999923706055,8.890000343322754
1510681352442,-0.6899999976158142,1.9320000410079956,9.595999717712402
1510681352480,,,8.786999702453613
1510681352481,-1.4279999732971191,1.2569999694824219,
1510681352559,-0.593999981880188,2.2869999408721924,7.848999977111816
1510681352616,-1.4589999914169312,2.2160000801086426,9.196999549865723
1510681352683,-2.180999994277954,1.7209999561309814,10.005000114440918
1510681352724,-2.736999988555908,0.777999997138977,9.878000259399414
1510681352793,-1.2769999504089355,2.135999917984009,13.128999710083008
1510681352876,,,14.128999710083008
1510681352877,-1.9010000228881836,0.7889999747276306,
1510681352888,-0.9020000100135803,1.1369999647140503,8.880999565124512
1510681352951,0.968999981880188,2.2170000076293945,7.645999908447266
1510681353021,-1.1069999933242798,2.117000102996826,9.649999618530273
1510681353069,-2.2130000591278076,1.5809999704360962,7.870999813079834
1510681353127,-2.1389999389648438,2.311000108718872,7.498000144958496
1510681353221,,,8.109000205993652
1510681353222,-1.9539999961853027,3.0820000171661377,
1510681353278,-2.0769999027252197,3.999000072479248,8.920000076293945
1510681353317,-2.4159998893737793,3.569999933242798,10.588000297546387
1510681353430,-2.0759999752044678,3.63100004196167,10.227999687194824
1510681353494,-3.388000011444092,0.27799999713897705,13.64799976348877
1510681353573,,,8.687999725341797
1510681353574,-3.4539999961853027,0.12300000339746475,
1510681353632,,,7.678999900817871
1510681353633,-1.4789999723434448,2.7960000038146973,
1510681353674,-1.2209999561309814,3.5290000438690186,6.553999900817871
1510681353745,-1.718000054359436,2.618000030517578,8.842000007629395
1510681353800,-1.496000051498413,,7.9070000648498535
1510681353801,,2.510999917984009,
1510681353871,-1.3819999694824219,3.490000009536743,8.270000457763672
1510681353913,-0.968999981880188,3.993000030517578,9.279000282287598
1510681353969,-1.2719999551773071,3.9210000038146973,10.63700008392334
1510681354047,,,8.151000022888184
1510681354048,-1.2710000276565552,4.011000156402588,
1510681354107,-1.0149999856948853,,10.722000122070313
1510681354108,,3.3420000076293945,
1510681354163,-3.1489999294281006,0.9210000038146973,11.192999839782715
1510681354244,-0.012000000104308128,2.5390000343322754,9.041000366210938
1510681354299,,,9.204000473022461
1510681354300,0.41600000858306885,3.7279999256134033,
1510681354327,-2.0329999923706055,2.3480000495910645,7.927999973297119
1510681354411,-1.8769999742507935,3.3369998931884766,7.6529998779296875
1510681354454,-1.0700000524520874,4.434000015258789,7.718999862670898
1510681354537,-1.531000018119812,4.60699987411499,8.670000076293945
1510681354593,-2.2780001163482666,4.3480000495910645,9.36299991607666
1510681354627,-2.4679999351501465,3.9059998989105225,11.005000114440918
1510681354706,-3.506999969482422,2.9839999675750732,10.383999824523926
1510681354747,,,10.90999984741211
1510681354748,-1.3980000019073486,1.9019999504089355,
1510681354866,-3.8499999046325684,-0.3630000054836273,11.53499984741211
1510681354868,-1.7100000381469727,0.781000018119812,9.774999618530273
1510681354958,-0.44999998807907104,2.490999937057495,9.060999870300293
1510681355004,,,9.805000305175781
1510681355005,-1.6109999418258667,2.0269999504089355,
1510681355047,-1.9270000457763672,1.871000051498413,8.795000076293945
1510681355113,-1.6039999723434448,3.0850000381469727,7.718999862670898
1510681355169,-1.7259999513626099,4.500999927520752,8.968000411987305
1510681355234,-2.565999984741211,4.318999767303467,9.729999542236328
1510681355295,-2.072000026702881,4.203000068664551,9.777000427246094
1510681355411,-1.687999963760376,2.7860000133514404,10.883000373840332
1510681355499,-0.2800000011920929,2.4509999752044678,9.817000389099121
1510681355564,1.1619999408721924,3.319000005722046,9.034000396728516
1510681355623,0.23100000619888306,1.6790000200271606,9.482999801635742
1510681355667,-0.9350000023841858,1.5160000324249268,7.60099983215332
1510681355710,-0.9639999866485596,2.828000068664551,6.236000061035156
1510681355770,-0.4950000047683716,3.924999952316284,6.964000225067139
1510681355858,,,7.671999931335449
1510681355859,-0.8009999990463257,4.448999881744385,
1510681355916,-1.628999948501587,4.869999885559082,7.513999938964844
1510681355961,-1.9819999933242798,6.09499979019165,7.4679999351501465
1510681356017,-4.361999988555908,3.9539999961853027,10.276000022888184
1510681356102,-5.046000003814697,1.3559999465942383,15.855999946594238
1510681356164,-4.113999843597412,1.8869999647140503,15.079000473022461
1510681356192,-3.502000093460083,0.6430000066757202,11.461000442504883
1510681356274,-1.3680000305175781,1.7350000143051147,6.906000137329102
1510681356317,-0.2199999988079071,2.48799991607666,7.1570000648498535
1510681356403,-1.3600000143051147,1.8569999933242798,6.827000141143799
1510681356468,-1.0449999570846558,2.4660000801086426,7.0269999504089355
1510681356495,-0.9330000281333923,3.684000015258789,7.210999965667725
1510681356578,-1.2170000076293945,4.638999938964844,9.859000205993652
1510681356622,-2.062999963760376,3.9539999961853027,10.395000457763672
1510681356667,-1.3799999952316284,3.1080000400543213,10.156999588012695
1510681356740,-1.2289999723434448,1.284999966621399,10.314000129699707
1510681356802,-0.3230000138282776,0.3840000033378601,10.206000328063965
1510681356850,0.2160000056028366,1.5140000581741333,11.994999885559082
1510681356906,1.5219999551773071,3.1050000190734863,10.857999801635742
1510681356972,2.0290000438690186,3.2890000343322754,9.446999549865723
1510681357059,,,8.744999885559082
1510681357060,0.49900001287460327,2.4730000495910645,
1510681357092,-0.6869999766349792,2.180000066757202,7.901000022888184
1510681357166,,,7.879000186920166
1510681357167,-3.8350000381469727,0.7450000047683716,
1510681357211,-0.718999981880188,2.1610000133514404,9.706999778747559
1510681357332,0.4569999873638153,3.9210000038146973,8.574000358581543
1510681357408,-2.484999895095825,2.640000104904175,9.310999870300293
1510681357459,-2.813999891281128,2.4560000896453857,10.102999687194824
1510681357549,-1.2569999694824219,2.2119998931884766,14.763999938964844
1510681357577,-2.6029999256134033,-0.10100000351667404,14.501999855041504
1510681357671,-2.2690000534057617,-0.878000020980835,9.430000305175781
1510681357701,0.33799999952316284,2.868000030517578,6.40500020980835
1510681357790,0.44999998807907104,3.3949999809265137,8.425000190734863
1510681357837,-0.9739999771118164,2.2939999103546143,9.621999740600586
1510681357884,-0.6110000014305115,2.740999937057495,8.670999526977539
1510681357942,-1.2000000476837158,3.4719998836517334,7.363999843597412
1510681358032,,,7.394999980926514
1510681358033,-1.63100004196167,3.75,
1510681358060,-1.534000039100647,3.378000020980835,7.388999938964844
1510681358130,-0.6140000224113464,2.63700008392334,10.743000030517578
1510681358182,,,16.243000030517578
1510681358183,-2.384000062942505,1.090999960899353,
1510681358240,-2.3369998931884766,0.2280000001192093,11.979000091552734
1510681358308,0.6700000166893005,2.568000078201294,7.758999824523926
1510681358371,-0.44200000166893005,3.052999973297119,8.395999908447266
1510681358419,-3.2019999027252197,1.5290000438690186,8.496000289916992
1510681358502,-3.671999931335449,2.5329999923706055,7.086999893188477
1510681358603,-2.388000011444092,3.6110000610351563,8.527999877929688
1510681358664,-4.625999927520752,,8.107999801635742
1510681358665,,2.312999963760376,
1510681358755,-2.059000015258789,1.871000051498413,11.508000373840332
1510681358823,1.2769999504089355,3.993000030517578,13.76099967956543
1510681358848,0.7910000085830688,1.4789999723434448,11.760000228881836
1510681358932,-5.0920000076293945,-2.5350000858306885,9.904000282287598
1510681359003,-2.997999906539917,-0.8569999933242798,7.5960001945495605
1510681359020,-0.8320000171661377,2.381999969482422,7.419000148773193
1510681359083,-1.63100004196167,1.6629999876022339,9.984999656677246
1510681359138,,,9.944000244140625
1510681359139,-2.437999963760376,0.8009999990463257,
1510681359227,-1.340999960899353,2.0980000495910645,8.173999786376953
1510681359274,-1.5019999742507935,2.3559999465942383,9.10099983215332
1510681359320,-2.131999969482422,2.2790000438690186,9.802000045776367
1510681359405,-1.8839999437332153,1.4550000429153442,10.682999610900879
1510681359468,,,10.204999923706055
1510681359469,-0.7879999876022339,0.921999990940094,
1510681359497,-1.5410000085830688,0.5740000009536743,12.107000350952148
1510681359586,-2.609999895095825,0.014999999664723873,9.319000244140625
1510681359633,-0.47999998927116394,1.8739999532699585,7.656000137329102
1510681359681,-0.03099999949336052,2.3459999561309814,8.923999786376953
1510681359783,-2.6389999389648438,1.340999960899353,9.42199993133545
1510681359836,-2.9730000495910645,1.9490000009536743,8.432000160217285
1510681359884,-2.4519999027252197,2.2320001125335693,8.41100025177002
1510681359974,-2.117000102996826,2.3510000705718994,8.390000343322754
1510681359978,-1.8279999494552612,2.3589999675750732,9.043000221252441
1510681360063,-1.777999997138977,1.7910000085830688,11.458000183105469
1510681360121,-1.9910000562667847,0.6269999742507935,13.159000396728516
1510681360175,-1.8630000352859497,-0.1080000028014183,13.581999778747559
1510681360227,-1.434999942779541,-0.8650000095367432,7.604000091552734
1510681360295,,,8.071999549865723
1510681360296,1.1820000410079956,1.3070000410079956,
1510681360356,,,10.430000305175781
1510681360357,0.7120000123977661,1.8680000305175781,
1510681360414,-1.6699999570846558,0.6079999804496765,11.654000282287598
1510681360467,-0.9660000205039978,1.3040000200271606,9.517000198364258
1510681360539,-0.20200000703334808,2.26200008392334,8.133000373840332
1510681360593,-0.953000009059906,2.3570001125335693,7.705999851226807
1510681360648,-1.3730000257492065,2.3570001125335693,7.570000171661377
1510681360712,-0.31700000166893005,1.649999976158142,10.494999885559082
1510681360770,-0.06300000101327896,0.9710000157356262,10.95199966430664
1510681360833,-0.4050000011920929,0.8870000243186951,12.633000373840332
1510681360887,-3.0929999351501465,-0.1889999955892563,11.82699966430664
1510681360948,-1.2450000047683716,0.017999999225139618,9.362000465393066
1510681361009,,,7.925000190734863
1510681361010,-0.057999998331069946,0.652999997138977,
1510681361066,-1.6260000467300415,,9.348999977111816
1510681361067,,0.3569999933242798,
1510681361127,-2.0840001106262207,1.4279999732971191,7.920000076293945
1510681361193,-0.6779999732971191,3.1760001182556152,8.572999954223633
1510681361252,-1.246999979019165,2.749000072479248,9.640000343322754
1510681361306,-3.555000066757202,1.9529999494552612,9.774999618530273
1510681361367,-3.4489998817443848,1.1720000505447388,10.138999938964844
1510681361437,,,11.37600040435791
1510681361438,-2.23799991607666,,
1510681361500,-2.130000114440918,-0.609000027179718,15.14900016784668
1510681361551,-1.3259999752044678,-1.8200000524520874,11.986000061035156
1510681361614,,,6.484000205993652
1510681361615,1.0809999704360962,0.7260000109672546,
1510681361675,2.8580000400543213,3.811000108718872,8.487000465393066
1510681361735,0.33500000834465027,1.8220000267028809,8.800999641418457
1510681361818,-1.0360000133514404,0.9649999737739563,9.852999687194824
1510681361864,-0.7129999995231628,1.1239999532699585,8.479999542236328
1510681361911,0.2840000092983246,,8.3100004196167
1510681361912,,2.671999931335449,
1510681361977,-1.2079999446868896,,8.656999588012695
1510681361978,,2.187000036239624,
1510681362027,-2.0220000743865967,1.5149999856948853,9.649999618530273
1510681362108,-0.5440000295639038,0.9940000176429749,9.022000312805176
1510681362156,-1.2990000247955322,0.44999998807907104,14.404999732971191
1510681362206,-5.14300012588501,-1.097000002861023,12.420000076293945
1510681362281,-1.8539999723434448,0.0010000000474974513,9.413000106811523
1510681362337,1.00600004196167,1.6260000467300415,8.187000274658203
1510681362387,-1.0019999742507935,0.8809999823570251,9.446000099182129
1510681362466,-3.2839999198913574,,9.331999778747559
1510681362467,,0.003000000026077032,
1510681362521,-1.871999979019165,0.9929999709129333,8.859999656677246
1510681362567,,,7.7270002365112305
1510681362568,-1.3250000476837158,1.9620000123977661,
1510681362627,-1.6979999542236328,2.5959999561309814,7.385000228881836
1510681362707,-2.0220000743865967,2.6700000762939453,8.956000328063965
1510681362752,-3.177999973297119,2.1570000648498535,10.444000244140625
1510681362825,-2.369999885559082,1.4989999532699585,12.517999649047852
1510681362876,-2.302999973297119,-0.6570000052452087,16.312000274658203
1510681362936,-1.1759999990463257,-1.003999948501587,8.371000289916992
1510681363005,1.0329999923706055,2.9159998893737793,8.22599983215332
1510681363062,-0.9779999852180481,1.6670000553131104,9.446000099182129
1510681363106,,,10.487000465393066
1510681363107,-3.437999963760376,0.21699999272823334,
1510681363168,-2.3320000171661377,0.5230000019073486,9.201000213623047
1510681363241,,,7.65500020980835
1510681363242,-0.7089999914169312,2.128999948501587,
1510681363289,-0.45100000500679016,2.609999895095825,7.46999979019165
1510681363365,-0.9700000286102295,2.796999931335449,8.392999649047852
1510681363434,-2.052000045776367,1.4620000123977661,9.710000038146973
1510681363482,-1.0130000114440918,0.878000020980835,12.053999900817871
1510681363537,-2.746000051498413,0.17800000309944153,13.753000259399414
1510681363598,-1.8509999513626099,0.35600000619888306,9.020999908447266
1510681363649,1.1039999723434448,3.4539999961853027,8.378000259399414
1510681363724,-1.1759999990463257,1.4789999723434448,10.270000457763672
1510681363790,,,10.289999961853027
1510681363791,-3.513000011444092,0.09099999815225601,
1510681363841,-2.0299999713897705,1.7389999628067017,8.409000396728516
1510681363887,-0.7990000247955322,2.7679998874664307,8.168000221252441
1510681363952,,,9.128999710083008
1510681363953,-1.5360000133514404,2.3580000400543213,
1510681364016,-2.2360000610351563,1.7929999828338623,9.522000312805176
1510681364067,,,9.550999641418457
1510681364094,-0.878000020980835,2.1419999599456787,
1510681364145,0.2409999966621399,1.315999984741211,15.795999526977539
1510681364194,,,14.277999877929688
1510681364195,-3.5269999504089355,-2.2360000610351563,
1510681364267,-2.5169999599456787,-1.753000020980835,7.461999893188477
1510681364318,0.4440000057220459,2.4730000495910645,7.178999900817871
1510681364386,-0.17100000381469727,2.302999973297119,9.100000381469727
1510681364440,-1.065999984741211,1.2339999675750732,10.055000305175781
1510681364490,-1.0360000133514404,1.2289999723434448,8.329000473022461
1510681364565,-1.0130000114440918,1.8630000352859497,7.544000148773193
1510681364617,-1.7949999570846558,2.1630001068115234,7.788000106811523
1510681364686,-1.4359999895095825,2.2130000591278076,9.607999801635742
1510681364737,-0.44699999690055847,1.3329999446868896,10.932000160217285
1510681364808,0.2240000069141388,1.1929999589920044,12.99899959564209
1510681364871,,,12.907999992370605
1510681364872,-1.8489999771118164,-0.13699999451637268,
1510681364911,-1.2389999628067017,0.289000004529953,9.859999656677246
1510681364984,0.2290000021457672,1.7389999628067017,8.994999885559082
1510681365033,,,9.444999694824219
1510681365034,-0.9269999861717224,0.9369999766349792,
1510681365108,-2.299999952316284,1.003000020980835,8.706999778747559
1510681365172,-2.4119999408721924,1.5709999799728394,8.001999855041504
1510681365215,-2.2100000381469727,2.2249999046325684,8.331999778747559
1510681365273,-2.3450000286102295,2.321000099182129,7.879000186920166
1510681365349,-2.2090001106262207,2.13100004196167,8.78600025177002
1510681365403,-2.0789999961853027,2.007999897003174,10.041000366210938
1510681365448,-2.0959999561309814,0.7409999966621399,13.873000144958496
1510681365525,-1.4579999446868896,-0.9959999918937683,15.637999534606934
1510681365572,-1.3420000076293945,-1.399999976158142,10.095999717712402
1510681365647,0.7879999876022339,1.7039999961853027,9.178999900817871
1510681365698,0.453000009059906,1.7740000486373901,8.803000450134277
1510681365746,-0.2709999978542328,,9.01099967956543
1510681365747,,2.203000068664551,
1510681365811,,,8.402000427246094
1510681365812,0.12300000339746475,2.3420000076293945,
1510681365867,0.003000000026077032,2.4260001182556152,7.638999938964844
1510681365933,-0.4449999928474426,2.367000102996826,8.720999717712402
1510681365987,-1.5119999647140503,1.9639999866485596,9.46399974822998
1510681366071,-0.4359999895095825,1.659000039100647,9.168999671936035
1510681366108,0.5239999890327454,2.010999917984009,12.197999954223633
1510681366192,-1.7630000114440918,0.23899999260902405,13.633999824523926
1510681366249,-2.2170000076293945,-0.04899999871850014,9.345999717712402
1510681366288,0.6629999876022339,1.8109999895095825,8.6899995803833
1510681366362,0.8360000252723694,1.9579999446868896,9.557000160217285
1510681366418,-1.5889999866485596,0.7929999828338623,9.342000007629395
1510681366472,-1.7230000495910645,1.8170000314712524,8.508000373840332
1510681366549,-1.0540000200271606,2.3929998874664307,9.01200008392334
1510681366604,-1.5260000228881836,2.496999979019165,8.98799991607666
1510681366661,-2.1480000019073486,2.177000045776367,9.428000450134277
1510681366715,-2.194000005722046,1.434000015258789,10.005999565124512
1510681366774,-1.7430000305175781,1.8070000410079956,9.633999824523926
1510681366844,-1.9780000448226929,0.28299999237060547,14.555999755859375
1510681366887,-3.5230000019073486,-1.8240000009536743,12.192000389099121
1510681366965,-0.675000011920929,0.47999998927116394,9.062999725341797
1510681367020,,,9.104999542236328
1510681367021,0.6029999852180481,2.4739999771118164,
1510681367094,-1.6150000095367432,1.00600004196167,10.567999839782715
1510681367147,-1.7339999675750732,1.4789999723434448,8.118000030517578
1510681367200,-0.9359999895095825,2.808000087738037,7.328000068664551
1510681367278,-1.4129999876022339,2.5190000534057617,7.980999946594238
1510681367334,-1.2649999856948853,,8.71500015258789
1510681367335,,2.8519999980926514,
1510681367380,-1.3830000162124634,2.4049999713897705,9.326000213623047
1510681367450,,,8.657999992370605
1510681367451,-0.38600000739097595,1.9129999876022339,
1510681367498,-1.1660000085830688,0.8320000171661377,15.623000144958496
1510681367556,-3.0929999351501465,,12.640999794006348
1510681367557,,-0.5809999704360962,
1510681367640,-0.10400000214576721,1.4140000343322754,9.779999732971191
1510681367683,1.6009999513626099,2.305000066757202,7.922999858856201
1510681367742,-1.5640000104904175,1.3559999465942383,8.569999694824219
1510681367798,-2.4670000076293945,1.4520000219345093,8.25
1510681367878,-1.2799999713897705,2.367000102996826,8.663000106811523
1510681367936,-0.7250000238418579,2.747999906539917,9.461999893188477
1510681368011,,,9.222999572753906
1510681368012,-1.5010000467300415,2.5910000801086426,
1510681368068,-1.7690000534057617,2.5280001163482666,9.699000358581543
1510681368117,-1.9199999570846558,2.3519999980926514,9.83899974822998
1510681368172,-0.2840000092983246,2.2820000648498535,13.190999984741211
1510681368230,-1.0460000038146973,0.675000011920929,11.760000228881836
1510681368290,-1.7109999656677246,1.0080000162124634,9.928999900817871
1510681368365,-0.5659999847412109,2.239000082015991,8.067999839782715
1510681368410,-0.7990000247955322,1.0360000133514404,10.425999641418457
1510681368466,,,10.838000297546387
1510681368467,-0.1809999942779541,0.3720000088214874,
1510681368536,-0.7620000243186951,-0.26600000262260437,10.281000137329102
1510681368608,-0.3140000104904175,2.056999921798706,8.324999809265137
1510681368666,-0.14900000393390656,2.8310000896453857,7.9679999351501465
1510681368723,0.11400000005960464,4.453000068664551,7.9039998054504395
1510681368779,0.28700000047683716,4.5279998779296875,7.788000106811523
1510681368839,0.9309999942779541,4.4070000648498535,8.904999732971191
1510681368900,1.8600000143051147,2.7300000190734863,11.869999885559082
1510681368947,,,9.380000114440918
1510681368948,1.2990000247955322,3.3489999771118164,
1510681369006,,,8.083000183105469
1510681369007,2.3299999237060547,4.5920000076293945,
1510681369075,0.7570000290870667,3.8929998874664307,7.565999984741211
1510681369144,0.20800000429153442,,8.029000282287598
1510681369145,,3.931999921798706,
1510681369208,0.2980000078678131,4.23199987411499,8.569000244140625
1510681369264,0.36800000071525574,4.513000011444092,8.220000267028809
1510681369323,-0.43299999833106995,4.086999893188477,8.593000411987305
1510681369382,0.17000000178813934,,8.800000190734863
1510681369383,,4.544000148773193,
1510681369439,-0.05900000035762787,4.2789998054504395,9.928999900817871
1510681369494,0.4399999976158142,4.546999931335449,8.708999633789063
1510681369555,1.465000033378601,3.6619999408721924,12.282999992370605
1510681369612,1.1399999856948853,2.1029999256134033,11.765999794006348
1510681369670,0.8180000185966492,2.4609999656677246,9.652000427246094
1510681369728,1.4240000247955322,3.618000030517578,8.87600040435791
1510681369810,,,9.54699993133545
1510681369811,2.4089999198913574,3.7139999866485596,
1510681369869,1.9709999561309814,3.740999937057495,8.32699966430664
1510681369919,0.5879999995231628,3.4130001068115234,8.180999755859375
1510681369979,0.2590000033378601,3.5160000324249268,9.75100040435791
1510681370029,0.375,3.7200000286102295,8.979999542236328
1510681370112,0.5230000019073486,2.941999912261963,9.864999771118164
1510681370160,-0.2280000001192093,2.2980000972747803,9.711999893188477
1510681370221,-1.1640000343322754,2.177000045776367,8.875
1510681370278,-2.3350000381469727,2.015000104904175,8.640000343322754
1510681370339,-2.1459999084472656,1.3980000019073486,8.142000198364258
1510681370397,-0.7480000257492065,0.7910000085830688,10.503000259399414
1510681370463,-1.5140000581741333,0.054999999701976776,11.388999938964844
1510681370521,-0.6320000290870667,,11.380999565124512
1510681370522,,0.3160000145435333,
1510681370579,1.440000057220459,1.934999942779541,9.335000038146973
1510681370637,0.7950000166893005,0.8029999732971191,10.814000129699707
1510681370696,1.527999997138977,0.796999990940094,9.586000442504883
1510681370754,1.3350000381469727,1.281999945640564,9.175999641418457
1510681370812,1.7899999618530273,0.656000018119812,9.814000129699707
1510681370873,1.7029999494552612,0.8109999895095825,9.22599983215332
1510681370933,1.774999976158142,0.5120000243186951,9.36400032043457
1510681370996,3.132999897003174,0.02500000037252903,8.305000305175781
1510681371056,2.821000099182129,,7.736999988555908
1510681371057,,-0.8640000224113464,
1510681371118,4.89900016784668,-0.29100000858306885,7.883999824523926
1510681371178,6.093999862670898,-1.8890000581741333,9.112000465393066
1510681371237,5.848999977111816,-0.14499999582767487,12.015999794006348
1510681371296,2.6040000915527344,-1.4459999799728394,10.498000144958496
1510681371362,3.263000011444092,6.881999969482422,7.767000198364258
1510681371408,1.5110000371932983,3.8269999027252197,6.552999973297119
1510681371469,2.178999900817871,,8.548999786376953
1510681371544,-0.5419999957084656,1.3559999465942383,12.409000396728516
1510681371590,,,12.48900032043457
1510681371591,0.8209999799728394,-1.190999984741211,
1510681371650,-0.3400000035762787,0.20200000703334808,12.675000190734863
1510681371734,-0.796999990940094,0.2919999957084656,10.265999794006348
1510681371794,-0.6349999904632568,0.9330000281333923,10.758999824523926
1510681371851,0.13199999928474426,1.2400000095367432,9.46500015258789
1510681371910,-0.004000000189989805,0.8899999856948853,9.802000045776367
1510681371951,0.2590000033378601,1.0679999589920044,9.692999839782715
1510681372012,0.2460000067949295,1.1519999504089355,9.762999534606934
1510681372077,,,10.142000198364258
1510681372078,0.421999990940094,1.1950000524520874,
1510681372136,0.6230000257492065,1.0720000267028809,9.92300033569336
1510681372198,0.2549999952316284,1.0859999656677246,10.09000015258789
1510681372268,0.45100000500679016,1.6030000448226929,9.836999893188477
